id,xmax,ymax,zmax,xmin,ymin,zmin,length,height,width,area,space,wall,door,window
418055,-12.4049400005461,5.83707923769244,9.05999999999967,-15.8902453070161,3.06566142022947,6.03999999999967,0.0,0.0,0.0,9.659237225648925,1,0,0,0
418636,0.687968624607153,2.81566142022948,9.05999999999967,-2.79733668186276,0.0406614202293445,6.03999999999967,0.0,0.0,0.0,9.67172222545443,1,0,0,0
418648,-12.4049400005462,2.81566142022948,9.05999999999967,-15.8902453070161,0.0406614202294826,6.03999999999967,0.0,0.0,0.0,9.671722225453925,1,0,0,0
483293,0.687968624607157,5.83707923769244,9.05999999999967,-2.79733668186276,3.06566142022947,6.03999999999967,0.0,0.0,0.0,9.65923722564892,1,0,0,0
1002781,-1.66785582655685,-3.51018660476931,9.05999999999967,-4.46785582655685,-7.20938808232567,6.03999999999967,0.0,0.0,0.0,10.357764137157798,1,0,0,0
1079046,-12.4049400005461,5.83707923769244,15.0999999999997,-15.8902453070161,3.06566142022947,12.0799999999997,0.0,0.0,0.0,9.65923722564892,1,0,0,0
1079049,0.687968624607153,2.81566142022948,15.0999999999997,-2.79733668186276,0.0406614202293445,12.0799999999997,0.0,0.0,0.0,9.67172222545443,1,0,0,0
1079057,-12.4049400005462,2.81566142022948,15.0999999999997,-15.8902453070161,0.0406614202294826,12.0799999999997,0.0,0.0,0.0,9.671722225453925,1,0,0,0
1079086,0.687968624607157,5.83707923769244,15.0999999999997,-2.79733668186276,3.06566142022947,12.0799999999997,0.0,0.0,0.0,9.65923722564892,1,0,0,0
1079185,-12.4049400005461,5.83707923769244,18.1199999999997,-15.8902453070161,3.06566142022947,15.0999999999997,0.0,0.0,0.0,9.65923722564892,1,0,0,0
1079188,0.687968624607153,2.81566142022948,18.1199999999997,-2.79733668186276,0.0406614202293445,15.0999999999997,0.0,0.0,0.0,9.67172222545443,1,0,0,0
1079196,-12.4049400005462,2.81566142022948,18.1199999999997,-15.8902453070161,0.0406614202294826,15.0999999999997,0.0,0.0,0.0,9.671722225453925,1,0,0,0
1079225,0.687968624607157,5.83707923769244,18.1199999999997,-2.79733668186276,3.06566142022947,15.0999999999997,0.0,0.0,0.0,9.65923722564892,1,0,0,0
1079250,-1.66785582655685,-3.51018660476931,18.1199999999997,-4.46785582655685,-7.20938808232567,15.0999999999997,0.0,0.0,0.0,10.357764137157783,1,0,0,0
1079383,-12.4049400005461,5.83707923769244,21.1399999999997,-15.8902453070161,3.06566142022947,18.1199999999997,0.0,0.0,0.0,9.65923722564892,1,0,0,0
1079386,0.687968624607153,2.81566142022948,21.1399999999997,-2.79733668186276,0.0406614202293445,18.1199999999997,0.0,0.0,0.0,9.67172222545443,1,0,0,0
1079394,-12.4049400005462,2.81566142022948,21.1399999999997,-15.8902453070161,0.0406614202294826,18.1199999999997,0.0,0.0,0.0,9.671722225453925,1,0,0,0
1079423,0.687968624607157,5.83707923769244,21.1399999999997,-2.79733668186276,3.06566142022947,18.1199999999997,0.0,0.0,0.0,9.65923722564892,1,0,0,0
1079448,-1.66785582655685,-3.51018660476931,21.1399999999997,-4.46785582655685,-7.20938808232567,18.1199999999997,0.0,0.0,0.0,10.357764137157783,1,0,0,0
1079581,-12.4049400005461,5.83707923769244,24.1599999999997,-15.8902453070161,3.06566142022947,21.1399999999997,0.0,0.0,0.0,9.65923722564892,1,0,0,0
1079584,0.687968624607153,2.81566142022948,24.1599999999997,-2.79733668186276,0.0406614202293445,21.1399999999997,0.0,0.0,0.0,9.67172222545443,1,0,0,0
1079592,-12.4049400005462,2.81566142022948,24.1599999999997,-15.8902453070161,0.0406614202294826,21.1399999999997,0.0,0.0,0.0,9.671722225453925,1,0,0,0
1079621,0.687968624607157,5.83707923769244,24.1599999999997,-2.79733668186276,3.06566142022947,21.1399999999997,0.0,0.0,0.0,9.65923722564892,1,0,0,0
1079646,-1.66785582655685,-3.51018660476931,24.1599999999997,-4.46785582655685,-7.20938808232567,21.1399999999997,0.0,0.0,0.0,10.357764137157783,1,0,0,0
1107478,-12.4049400005461,5.83707923769244,27.1799999999997,-15.8902453070161,3.06566142022947,24.1599999999997,0.0,0.0,0.0,9.65923722564892,1,0,0,0
1107481,0.687968624607153,2.81566142022948,27.1799999999997,-2.79733668186276,0.0406614202293445,24.1599999999997,0.0,0.0,0.0,9.67172222545443,1,0,0,0
1107489,-12.4049400005462,2.81566142022948,27.1799999999997,-15.8902453070161,0.0406614202294826,24.1599999999997,0.0,0.0,0.0,9.671722225453925,1,0,0,0
1107518,0.687968624607157,5.83707923769244,27.1799999999997,-2.79733668186276,3.06566142022947,24.1599999999997,0.0,0.0,0.0,9.65923722564892,1,0,0,0
1107543,-1.66785582655685,-3.51018660476931,27.1799999999997,-4.46785582655685,-7.20938808232567,24.1599999999997,0.0,0.0,0.0,10.357764137157783,1,0,0,0
1107568,-12.4049400005461,5.83707923769244,30.1999999999997,-15.8902453070161,3.06566142022947,27.1799999999997,0.0,0.0,0.0,9.65923722564892,1,0,0,0
1107571,0.687968624607153,2.81566142022948,30.1999999999997,-2.79733668186276,0.0406614202293445,27.1799999999997,0.0,0.0,0.0,9.67172222545443,1,0,0,0
1107579,-12.4049400005462,2.81566142022948,30.1999999999997,-15.8902453070161,0.0406614202294826,27.1799999999997,0.0,0.0,0.0,9.671722225453925,1,0,0,0
1107608,0.687968624607157,5.83707923769244,30.1999999999997,-2.79733668186276,3.06566142022947,27.1799999999997,0.0,0.0,0.0,9.65923722564892,1,0,0,0
1107633,-1.66785582655685,-3.51018660476931,30.1999999999997,-4.46785582655685,-7.20938808232567,27.1799999999997,0.0,0.0,0.0,10.357764137157783,1,0,0,0
1107658,-12.4049400005461,5.83707923769244,33.2199999999997,-15.8902453070161,3.06566142022947,30.1999999999997,0.0,0.0,0.0,9.65923722564892,1,0,0,0
1107661,0.687968624607153,2.81566142022948,33.2199999999997,-2.79733668186276,0.0406614202293445,30.1999999999997,0.0,0.0,0.0,9.67172222545443,1,0,0,0
1107669,-12.4049400005462,2.81566142022948,33.2199999999997,-15.8902453070161,0.0406614202294826,30.1999999999997,0.0,0.0,0.0,9.671722225453925,1,0,0,0
1107698,0.687968624607157,5.83707923769244,33.2199999999997,-2.79733668186276,3.06566142022947,30.1999999999997,0.0,0.0,0.0,9.65923722564892,1,0,0,0
1395425,-12.4049400005461,5.83707923769244,3.01999999999967,-15.8902453070161,3.06566142022947,-7.796643330948433e-14,0.0,0.0,0.0,9.659237225648967,1,0,0,0
1395439,0.687968624607157,5.83707923769244,3.01999999999967,-2.79733668186276,3.06566142022947,-7.796643330948433e-14,0.0,0.0,0.0,9.65923722564892,1,0,0,0
1395447,-1.66785582655685,-3.61018660476931,3.01999999999967,-3.55224624941294,-7.25438808232573,-7.796643330948433e-14,0.0,0.0,0.0,6.867098363265301,1,0,0,0
1395453,-12.4049400005462,2.81566142022948,3.01999999999967,-15.8902453070161,0.0399855798959323,-7.796643330948433e-14,0.0,0.0,0.0,9.67407773535476,1,0,0,0
1400224,-12.4049400005462,2.81566142022948,6.03999999999967,-15.8902453070161,0.0406614202294826,3.01999999999967,0.0,0.0,0.0,9.671722225453925,1,0,0,0
1400225,-12.4049400005461,5.83707923769244,6.03999999999967,-15.8902453070161,3.06566142022947,3.01999999999967,0.0,0.0,0.0,9.65923722564892,1,0,0,0
1400227,0.687968624607157,5.83707923769244,6.03999999999967,-2.79733668186276,3.06566142022947,3.01999999999967,0.0,0.0,0.0,9.65923722564892,1,0,0,0
3911870,0.687968624607157,5.83707923769244,12.0799999999997,-2.79733668186276,3.06566142022947,9.05999999999967,0.0,0.0,0.0,9.65923722564892,1,0,0,0
3912238,-12.4049400005461,5.83707923769244,12.0799999999997,-15.8902453070161,3.06566142022947,9.05999999999967,0.0,0.0,0.0,9.65923722564892,1,0,0,0
3912252,0.687968624607153,2.81566142022948,12.0799999999997,-2.79733668186276,0.0406614202293445,9.05999999999967,0.0,0.0,0.0,9.67172222545443,1,0,0,0
3912254,-12.4049400005462,2.81566142022948,12.0799999999997,-15.8902453070161,0.0406614202294826,9.05999999999967,0.0,0.0,0.0,9.671722225453925,1,0,0,0
3913234,-1.66785582655685,-3.51018660476931,12.0799999999997,-4.46785582655685,-7.20938808232567,9.05999999999967,0.0,0.0,0.0,10.357764137157783,1,0,0,0
4023157,0.687968624607151,2.81566142022948,6.03999999999967,-2.69733668186276,0.140661420229492,3.02000000000007,0.0,0.0,0.0,9.055691694806924,1,0,0,0
4023357,0.750830755033577,5.82896173722784,6.93034962750971e-14,-2.78941994458669,3.06566141797533,-5.05000000000065,0.0,0.0,0.0,9.782634778403924,1,0,0,0
4023361,0.89063209461359,2.8156614179754,6.93034962750971e-14,-2.78941994458664,-0.16001442103526,-5.05000000000065,0.0,0.0,0.0,10.950641939349726,1,0,0,0
4024043,-12.3943295125434,2.81566141778047,6.93034962750971e-14,-16.077468761483,0.0406614202294911,-5.05000000000065,0.0,0.0,0.0,10.220149659536723,1,0,0,0
4024046,-12.3943295125434,5.83707923676109,6.93034962750971e-14,-15.9246591441997,3.0656614177804,-5.05000000000065,0.0,0.0,0.0,9.784018448046965,1,0,0,0
4024597,-12.3943295125434,5.83707923676106,-5.05000000000065,-15.9323285701409,3.0656614177804,-8.05000000000064,0.0,0.0,0.0,9.805273631761604,1,0,0,0
4024601,-12.3943295125434,2.81566141778047,-5.05000000000065,-16.0774687614831,0.0408335124471039,-8.05000000000064,0.0,0.0,0.0,10.214256718624286,1,0,0,0
4024604,0.750830755033577,5.82891922204697,-5.05000000000065,-2.78941994458671,3.06566141797533,-8.05000000000064,0.0,0.0,0.0,9.782597314584327,1,0,0,0
4024607,0.890632094613579,2.8156614179754,-5.05000000000065,-2.78941994458664,0.0399855789647163,-8.05000000000064,0.0,0.0,0.0,10.214631531509662,1,0,0,0
4058432,0.737968624607149,2.81566142022948,3.01999999999967,-2.69733668186276,0.140661420229471,-7.796643330948433e-14,0.0,0.0,0.0,9.096935636335523,1,0,0,0
4119994,-1.64516227238168,-3.59018660569894,-5.05000000000065,-4.43951367173887,-7.23938808325561,-8.05000000000064,0.0,0.0,0.0,10.19715125534635,1,0,0,0
4120198,-1.64516227238169,-3.59018660569894,6.93034962750971e-14,-4.43951367173887,-7.23938808325561,-5.05000000000065,0.0,0.0,0.0,10.190041023403118,1,0,0,0
4120311,-1.66785582655685,-3.61018660476931,6.03999999999967,-3.55224624941295,-7.25938808232568,3.02000000000007,0.0,0.0,0.0,6.876520315379511,1,0,0,0
4120320,-1.66785582655685,-3.51018660476931,15.0999999999997,-4.46785582655685,-7.20938808232567,12.0800000000001,0.0,0.0,0.0,10.357764137157783,1,0,0,0
4120335,-1.66785582655685,-3.51018660476931,33.2199999999997,-4.46785582655685,-7.20938808232567,30.2000000000001,0.0,0.0,0.0,10.357764137157783,1,0,0,0
332810,1.15796862460715,2.94066142022947,6.04,0.687968624607149,0.965540250800148,3.02,1.97512116942932,3.02,0.0,5.906615931676379,0,1,0,0
332818,-1.46785582655686,0.140661420229499,6.03999999999967,-2.84733668186276,-0.159338579770506,3.02,1.2794808553059,3.02,0.0,3.282713883666344,0,1,0,0
341137,1.15796862460715,0.0406614202293579,9.05999999999967,-2.99733668186276,-0.159338579770656,6.03999999999967,3.8353053064699,3.02,0.0,10.160330186974845,0,1,0,0
341138,-2.79733668186275,2.94066142022948,9.05999999999967,-2.99733668186276,-0.059338579770656,6.03999999999967,3.00000000000014,3.02,0.0,8.325000000000413,0,1,0,0
375041,1.15796862460715,2.94066142022947,3.01999999999967,0.687968624607149,0.965540250800149,-7.796643330948433e-14,1.97512116942932,3.01999999999975,0.0,5.964865931676047,0,1,0,0
375049,-1.45039864776848,0.140661420229478,3.01999999999967,-2.84733668186275,-0.159338579770527,-7.796643330948433e-14,1.39693803409427,3.01999999999975,0.0,3.765752862964396,0,1,0,0
375050,-2.69733668186275,2.94066142022948,3.01999999999967,-2.99733668186276,-0.162529820559675,-7.796643330948433e-14,3.00319124078915,3.01999999999975,0.0,8.9941375471825,0,1,0,0
375168,-12.2049400005462,2.94066142022948,3.01999999999967,-12.4049400005462,-0.160014420104068,-7.796643330948433e-14,3.00067584033355,3.01999999999975,0.0,9.364041037806542,0,1,0,0
586448,-2.69733668186275,2.94066142022948,5.69000000000002,-2.99733668186276,-0.159338579770506,3.02,2.94999999999999,3.02,0.0,7.943250000000024,0,1,0,0
607437,-1.46785582655684,-0.0593385797704174,9.06000000000002,-1.66785582655685,-7.67938808232566,6.03999999999967,7.3850495025551,3.02,0.0,20.610549497716168,0,1,0,0
649517,-12.3049400005462,0.0399855798959452,3.01999999999967,-16.360245307016,-0.160014420104068,-7.796643330948433e-14,3.82030530646989,3.01999999999975,0.0,9.635022025540229,0,1,0,0
679296,1.15796862460715,0.0406614202293579,12.0799999999997,-2.99733668186275,-0.159338579770656,9.05999999999967,3.8353053064699,3.02,0.0,10.233636293104238,0,1,0,0
679297,-2.79733668186275,2.94066142022948,12.0799999999997,-2.99733668186276,-0.059338579770656,9.05999999999967,3.00000000000014,3.02,0.0,8.380500000000412,0,1,0,0
679298,-1.46785582655685,-1.61018660476938,12.0799999999997,-1.66785582655686,-7.69018660476938,9.05999999999967,6.08,3.02,0.0,18.361599999999992,0,1,0,0
680084,1.15796862460715,0.0406614202293579,15.0999999999997,-2.99733668186275,-0.159338579770656,12.0799999999997,3.8353053064699,3.02,0.0,10.233636293104244,0,1,0,0
680085,-2.79733668186275,2.94066142022948,15.0999999999997,-2.99733668186276,-0.059338579770656,12.0799999999997,3.00000000000014,3.02,0.0,8.380500000000415,0,1,0,0
680086,-1.46785582655685,-1.61018660476938,15.0999999999997,-1.66785582655686,-7.69018660476938,12.0799999999997,6.08,3.02,0.0,18.3616,0,1,0,0
680872,1.15796862460715,0.0406614202293579,18.1199999999997,-2.99733668186275,-0.159338579770656,15.0999999999997,3.8353053064699,3.02,0.0,10.233636293104242,0,1,0,0
680873,-2.79733668186275,2.94066142022948,18.1199999999997,-2.99733668186276,-0.059338579770656,15.0999999999997,3.00000000000014,3.02,0.0,8.380500000000415,0,1,0,0
680874,-1.46785582655685,-1.61018660476938,18.1199999999997,-1.66785582655686,-7.69018660476938,15.0999999999997,6.08,3.02,0.0,18.3616,0,1,0,0
681660,1.15796862460715,0.0406614202293579,21.1399999999997,-2.99733668186275,-0.159338579770656,18.1199999999997,3.8353053064699,3.02000000000001,0.0,10.233636293104244,0,1,0,0
681661,-2.79733668186275,2.94066142022948,21.1399999999997,-2.99733668186276,-0.059338579770656,18.1199999999997,3.00000000000014,3.02000000000001,0.0,8.380500000000422,0,1,0,0
681662,-1.46785582655685,-1.61018660476938,21.1399999999997,-1.66785582655686,-7.69018660476938,18.1199999999997,6.08,3.02000000000001,0.0,18.36160000000001,0,1,0,0
682448,1.15796862460715,0.0406614202293579,24.1599999999997,-2.99733668186275,-0.159338579770656,21.1399999999997,3.8353053064699,3.02,0.0,10.233636293104258,0,1,0,0
682449,-2.79733668186275,2.94066142022948,24.1599999999997,-2.99733668186276,-0.059338579770656,21.1399999999997,3.00000000000014,3.02,0.0,8.380500000000422,0,1,0,0
682450,-1.46785582655685,-1.61018660476938,24.1599999999997,-1.66785582655686,-7.69018660476938,21.1399999999997,6.08,3.02,0.0,18.36160000000001,0,1,0,0
683236,1.15796862460715,0.0406614202293579,27.1799999999997,-2.99733668186275,-0.159338579770656,24.1599999999997,3.8353053064699,3.02,0.0,10.233636293104238,0,1,0,0
683237,-2.79733668186275,2.94066142022948,27.1799999999997,-2.99733668186276,-0.059338579770656,24.1599999999997,3.00000000000014,3.02,0.0,8.38050000000041,0,1,0,0
683238,-1.46785582655685,-1.61018660476938,27.1799999999997,-1.66785582655686,-7.69018660476938,24.1599999999997,6.08,3.02,0.0,18.36159999999999,0,1,0,0
684024,1.15796862460715,0.0406614202293579,30.1999999999997,-2.99733668186275,-0.159338579770656,27.1799999999997,3.8353053064699,3.02,0.0,10.233636293104237,0,1,0,0
684025,-2.79733668186275,2.94066142022948,30.1999999999997,-2.99733668186276,-0.059338579770656,27.1799999999997,3.00000000000014,3.02,0.0,8.38050000000041,0,1,0,0
684026,-1.46785582655685,-1.61018660476938,30.1999999999997,-1.66785582655686,-7.69018660476938,27.1799999999997,6.08,3.02,0.0,18.36159999999999,0,1,0,0
684812,1.15796862460715,0.0406614202293579,33.2199999999997,-2.99733668186275,-0.159338579770656,30.1999999999997,3.8353053064699,3.02,0.0,10.233636293104222,0,1,0,0
684813,-2.79733668186275,2.94066142022948,33.2199999999997,-2.99733668186276,-0.059338579770656,30.1999999999997,3.00000000000014,3.02,0.0,8.38050000000041,0,1,0,0
684814,-1.46785582655685,-1.61018660476938,33.2199999999997,-1.66785582655686,-7.69018660476938,30.1999999999997,6.08,3.02,0.0,18.36159999999999,0,1,0,0
725294,-2.79733668186275,8.98066142022948,6.03999999999967,-2.99733668186276,2.81566142022948,3.01999999999967,6.04,3.02,0.0,17.25880376388796,0,1,0,0
725295,0.922968624607157,6.03707923769244,6.03999999999967,-2.89733668186276,5.83707923769243,3.01999999999967,3.82030530646991,3.02,0.0,8.62862202553916,0,1,0,0
725300,1.15796862460716,6.03707923769244,6.03999999999967,0.687968624607152,2.94066142022947,3.01999999999967,3.09641781746296,3.02,0.0,8.32118180873815,0,1,0,0
726570,-12.2049400005461,8.98066142022948,9.05999999999967,-12.4049400005462,2.81566142022948,6.03999999999967,6.04,3.02,0.0,18.3163,0,1,0,0
726571,-12.3049400005461,6.03707923769244,9.05999999999967,-16.1252453070161,5.83707923769243,6.03999999999967,3.82030530646991,3.02,0.0,8.908622025539152,0,1,0,0
726576,-15.8902453070161,6.03707923769243,9.05999999999967,-16.3602453070161,2.94066142022947,6.03999999999967,3.09641781746296,3.02,0.0,8.32118180873815,0,1,0,0
726670,-2.79733668186275,8.98066142022948,9.05999999999967,-2.99733668186276,2.81566142022948,6.03999999999967,6.04,3.02,0.0,18.25587164365073,0,1,0,0
726671,0.922968624607157,6.03707923769244,9.05999999999967,-2.89733668186276,5.83707923769243,6.03999999999967,3.82030530646991,3.02,0.0,8.89262202553915,0,1,0,0
726676,1.15796862460716,6.03707923769244,9.05999999999967,0.687968624607152,2.94066142022947,6.03999999999967,3.09641781746296,3.02,0.0,8.321181808738151,0,1,0,0
726809,-12.2049400005461,8.98066142022948,12.0799999999997,-12.4049400005462,2.81566142022948,9.05999999999967,6.04,3.02,0.0,18.316299999999988,0,1,0,0
726810,-12.3049400005461,6.03707923769244,12.0799999999997,-16.1252453070161,5.83707923769243,9.05999999999967,3.82030530646991,3.02,0.0,8.908622025539149,0,1,0,0
726815,-15.8902453070161,6.03707923769243,12.0799999999997,-16.3602453070161,2.94066142022947,9.05999999999967,3.09641781746296,3.02,0.0,8.32118180873815,0,1,0,0
726909,-2.79733668186275,8.98066142022948,12.0799999999997,-2.99733668186276,2.81566142022948,9.05999999999967,6.04,3.02,0.0,18.31629999999999,0,1,0,0
726910,0.922968624607157,6.03707923769244,12.0799999999997,-2.89733668186276,5.83707923769243,9.05999999999967,3.82030530646991,3.02,0.0,8.90862202553916,0,1,0,0
726915,1.15796862460716,6.03707923769244,12.0799999999997,0.687968624607152,2.94066142022947,9.05999999999967,3.09641781746296,3.02,0.0,8.321181808738148,0,1,0,0
727048,-12.2049400005461,8.98066142022948,15.0999999999997,-12.4049400005462,2.81566142022948,12.0799999999997,6.04,3.02,0.0,18.3163,0,1,0,0
727049,-12.3049400005461,6.03707923769244,15.0999999999997,-16.1252453070161,5.83707923769243,12.0799999999997,3.82030530646991,3.02,0.0,8.908622025539154,0,1,0,0
727054,-15.8902453070161,6.03707923769243,15.0999999999997,-16.3602453070161,2.94066142022947,12.0799999999997,3.09641781746296,3.02,0.0,8.321181808738153,0,1,0,0
727148,-2.79733668186275,8.98066142022948,15.0999999999997,-2.99733668186276,2.81566142022948,12.0799999999997,6.04,3.02,0.0,18.3163,0,1,0,0
727149,0.922968624607157,6.03707923769244,15.0999999999997,-2.89733668186276,5.83707923769243,12.0799999999997,3.82030530646991,3.02,0.0,8.908622025539163,0,1,0,0
727154,1.15796862460716,6.03707923769244,15.0999999999997,0.687968624607152,2.94066142022947,12.0799999999997,3.09641781746296,3.02,0.0,8.321181808738153,0,1,0,0
727287,-12.2049400005461,8.98066142022948,18.1199999999997,-12.4049400005462,2.81566142022948,15.0999999999997,6.04,3.02,0.0,18.3163,0,1,0,0
727288,-12.3049400005461,6.03707923769244,18.1199999999997,-16.1252453070161,5.83707923769243,15.0999999999997,3.82030530646991,3.02,0.0,8.908622025539154,0,1,0,0
727293,-15.8902453070161,6.03707923769243,18.1199999999997,-16.3602453070161,2.94066142022947,15.0999999999997,3.09641781746296,3.02,0.0,8.321181808738151,0,1,0,0
727387,-2.79733668186275,8.98066142022948,18.1199999999997,-2.99733668186276,2.81566142022948,15.0999999999997,6.04,3.02,0.0,18.3163,0,1,0,0
727388,0.922968624607157,6.03707923769244,18.1199999999997,-2.89733668186276,5.83707923769243,15.0999999999997,3.82030530646991,3.02,0.0,8.908622025539161,0,1,0,0
727393,1.15796862460716,6.03707923769244,18.1199999999997,0.687968624607152,2.94066142022947,15.0999999999997,3.09641781746296,3.02,0.0,8.321181808738151,0,1,0,0
727526,-12.2049400005461,8.98066142022948,21.1399999999997,-12.4049400005462,2.81566142022948,18.1199999999997,6.04,3.02000000000001,0.0,18.3163,0,1,0,0
727527,-12.3049400005461,6.03707923769244,21.1399999999997,-16.1252453070161,5.83707923769243,18.1199999999997,3.82030530646991,3.02000000000001,0.0,8.908622025539152,0,1,0,0
727532,-15.8902453070161,6.03707923769243,21.1399999999997,-16.3602453070161,2.94066142022947,18.1199999999997,3.09641781746296,3.02000000000001,0.0,8.321181808738151,0,1,0,0
727626,-2.79733668186275,8.98066142022948,21.1399999999997,-2.99733668186276,2.81566142022948,18.1199999999997,6.04,3.02000000000001,0.0,18.3163,0,1,0,0
727627,0.922968624607157,6.03707923769244,21.1399999999997,-2.89733668186276,5.83707923769243,18.1199999999997,3.82030530646991,3.02000000000001,0.0,8.90862202553916,0,1,0,0
727632,1.15796862460716,6.03707923769244,21.1399999999997,0.68796862460715,2.94066142022947,18.1199999999997,3.09641781746296,3.02000000000001,0.0,8.32118180873815,0,1,0,0
727765,-12.2049400005461,8.98066142022948,24.1599999999997,-12.4049400005462,2.81566142022948,21.1399999999997,6.04,3.02,0.0,18.316299999999984,0,1,0,0
727766,-12.3049400005461,6.03707923769244,24.1599999999997,-16.1252453070161,5.83707923769243,21.1399999999997,3.82030530646991,3.02,0.0,8.908622025539144,0,1,0,0
727771,-15.8902453070161,6.03707923769243,24.1599999999997,-16.3602453070161,2.94066142022947,21.1399999999997,3.09641781746296,3.02,0.0,8.321181808738142,0,1,0,0
727865,-2.79733668186275,8.98066142022948,24.1599999999997,-2.99733668186276,2.81566142022948,21.1399999999997,6.04,3.02,0.0,18.316299999999984,0,1,0,0
727866,0.922968624607157,6.03707923769244,24.1599999999997,-2.89733668186276,5.83707923769243,21.1399999999997,3.82030530646991,3.02,0.0,8.90862202553915,0,1,0,0
727871,1.15796862460716,6.03707923769244,24.1599999999997,0.687968624607152,2.94066142022947,21.1399999999997,3.09641781746296,3.02,0.0,8.321181808738144,0,1,0,0
728004,-12.2049400005461,8.98066142022948,27.1799999999997,-12.4049400005462,2.81566142022948,24.1599999999997,6.04,3.02,0.0,18.316299999999984,0,1,0,0
728005,-12.3049400005461,6.03707923769244,27.1799999999997,-16.1252453070161,5.83707923769243,24.1599999999997,3.82030530646991,3.02,0.0,8.908622025539144,0,1,0,0
728010,-15.8902453070161,6.03707923769243,27.1799999999997,-16.3602453070161,2.94066142022947,24.1599999999997,3.09641781746296,3.02,0.0,8.321181808738142,0,1,0,0
728104,-2.79733668186275,8.98066142022948,27.1799999999997,-2.99733668186276,2.81566142022948,24.1599999999997,6.04,3.02,0.0,18.316299999999984,0,1,0,0
728105,0.922968624607157,6.03707923769244,27.1799999999997,-2.89733668186276,5.83707923769243,24.1599999999997,3.82030530646991,3.02,0.0,8.908622025539152,0,1,0,0
728110,1.15796862460716,6.03707923769244,27.1799999999997,0.687968624607152,2.94066142022947,24.1599999999997,3.09641781746296,3.02,0.0,8.321181808738146,0,1,0,0
728243,-12.2049400005461,8.98066142022948,30.1999999999997,-12.4049400005462,2.81566142022948,27.1799999999997,6.04,3.02,0.0,18.316299999999984,0,1,0,0
728244,-12.3049400005461,6.03707923769244,30.1999999999997,-16.1252453070161,5.83707923769243,27.1799999999997,3.82030530646991,3.02,0.0,8.908622025539142,0,1,0,0
728249,-15.8902453070161,6.03707923769243,30.1999999999997,-16.3602453070161,2.94066142022947,27.1799999999997,3.09641781746296,3.02,0.0,8.321181808738142,0,1,0,0
728343,-2.79733668186275,8.98066142022948,30.1999999999997,-2.99733668186276,2.81566142022948,27.1799999999997,6.04,3.02,0.0,18.316299999999984,0,1,0,0
728344,0.922968624607157,6.03707923769244,30.1999999999997,-2.89733668186276,5.83707923769243,27.1799999999997,3.82030530646991,3.02,0.0,8.908622025539152,0,1,0,0
728349,1.15796862460716,6.03707923769244,30.1999999999997,0.687968624607152,2.94066142022947,27.1799999999997,3.09641781746296,3.02,0.0,8.321181808738146,0,1,0,0
728482,-12.2049400005461,8.98066142022948,33.2199999999997,-12.4049400005462,2.81566142022948,30.1999999999997,6.04,3.02,0.0,18.316299999999984,0,1,0,0
728483,-12.3049400005461,6.03707923769244,33.2199999999997,-16.1252453070161,5.83707923769243,30.1999999999997,3.82030530646991,3.02,0.0,8.908622025539144,0,1,0,0
728488,-15.8902453070161,6.03707923769243,33.2199999999997,-16.3602453070161,2.94066142022947,30.1999999999997,3.09641781746296,3.02,0.0,8.321181808738144,0,1,0,0
728582,-2.79733668186275,8.98066142022948,33.2199999999997,-2.99733668186276,2.81566142022948,30.1999999999997,6.04,3.02,0.0,18.316299999999984,0,1,0,0
728583,0.922968624607157,6.03707923769244,33.2199999999997,-2.89733668186276,5.83707923769243,30.1999999999997,3.82030530646991,3.02,0.0,8.908622025539152,0,1,0,0
728588,1.15796862460716,6.03707923769244,33.2199999999997,0.687968624607152,2.94066142022947,30.1999999999997,3.09641781746296,3.02,0.0,8.321181808738144,0,1,0,0
818443,-4.46785582655685,-3.41018660476931,9.05999999999967,-4.66785582655685,-7.44438808232567,6.03999999999967,4.03420147755636,3.02,0.0,9.46810443266911,0,1,0,0
819113,-1.56785582655685,-3.3101866047693,9.05999999999967,-4.79664419269854,-3.51018660476932,6.03999999999967,3.12878836614168,3.02,0.0,9.418943162760046,0,1,0,0
819978,-4.46785582655685,-3.41018660476931,12.0799999999997,-4.66785582655685,-7.44438808232567,9.05999999999967,4.03420147755636,3.02,0.0,9.539188462220237,0,1,0,0
820047,-1.56785582655685,-3.3101866047693,12.0799999999997,-4.79664419269854,-3.51018660476932,9.05999999999967,3.12878836614168,3.02,0.0,9.418943162760025,0,1,0,0
820052,-4.46785582655685,-3.41018660476931,15.0999999999997,-4.66785582655685,-7.44438808232567,12.0799999999997,4.03420147755636,3.02,0.0,9.539188462220242,0,1,0,0
820121,-1.56785582655685,-3.3101866047693,15.0999999999997,-4.79664419269854,-3.51018660476932,12.0799999999997,3.12878836614168,3.02,0.0,9.418943162760028,0,1,0,0
820126,-4.46785582655685,-3.41018660476931,18.1199999999997,-4.66785582655685,-7.44438808232567,15.0999999999997,4.03420147755636,3.02,0.0,9.53918846222024,0,1,0,0
820195,-1.56785582655685,-3.3101866047693,18.1199999999997,-4.79664419269854,-3.51018660476932,15.0999999999997,3.12878836614168,3.02,0.0,9.418943162760028,0,1,0,0
820200,-4.46785582655685,-3.41018660476931,21.1399999999997,-4.66785582655685,-7.44438808232567,18.1199999999997,4.03420147755636,3.02000000000001,0.0,9.53918846222025,0,1,0,0
820269,-1.56785582655685,-3.3101866047693,21.1399999999997,-4.79664419269854,-3.51018660476932,18.1199999999997,3.12878836614168,3.02000000000001,0.0,9.418943162760035,0,1,0,0
820274,-4.46785582655685,-3.41018660476931,24.1599999999997,-4.66785582655685,-7.44438808232567,21.1399999999997,4.03420147755636,3.02,0.0,9.539188462220244,0,1,0,0
820343,-1.56785582655685,-3.3101866047693,24.1599999999997,-4.79664419269854,-3.51018660476932,21.1399999999997,3.12878836614168,3.02,0.0,9.418943162760035,0,1,0,0
820348,-4.46785582655685,-3.41018660476931,27.1799999999997,-4.66785582655685,-7.44438808232567,24.1599999999997,4.03420147755636,3.02,0.0,9.539188462220247,0,1,0,0
820417,-1.56785582655685,-3.3101866047693,27.1799999999997,-4.79664419269854,-3.51018660476932,24.1599999999997,3.12878836614168,3.02,0.0,9.418943162760035,0,1,0,0
820422,-4.46785582655685,-3.41018660476931,30.1999999999997,-4.66785582655685,-7.44438808232567,27.1799999999997,4.03420147755636,3.02,0.0,9.539188462220247,0,1,0,0
820491,-1.56785582655685,-3.3101866047693,30.1999999999997,-4.79664419269854,-3.51018660476932,27.1799999999997,3.12878836614168,3.02,0.0,9.418943162760035,0,1,0,0
820496,-4.46785582655685,-3.41018660476931,33.2199999999997,-4.66785582655685,-7.44438808232567,30.1999999999997,4.03420147755636,3.02,0.0,9.539188462220247,0,1,0,0
820565,-1.56785582655685,-3.3101866047693,33.2199999999997,-4.79664419269854,-3.51018660476932,30.1999999999997,3.12878836614168,3.02,0.0,9.418943162760034,0,1,0,0
850270,-3.55224624941294,-1.61337784555854,6.03999999999967,-3.75224624941295,-7.25018660476931,3.02000000000002,5.63680875921078,3.02,0.0,14.90324747468295,0,1,0,0
850341,-1.56785582655685,-3.31018660476931,6.04000000000002,-3.65224624941294,-3.61018660476932,3.02000000000002,2.08439042285609,3.02,0.0,5.69085907702538,0,1,0,0
854360,-3.55224624941294,-3.31018660476931,3.01999999999967,-3.75224624941294,-4.41018660476931,-7.796643330948433e-14,0.950000000000001,3.01999999999975,0.0,3.321999999999727,0,1,0,0
854901,-1.56785582655685,-3.31018660476931,3.01999999999967,-3.65224624941294,-3.61018660476932,-7.796643330948433e-14,2.08439042285609,3.01999999999975,0.0,5.690859077024909,0,1,0,0
1021039,-2.79733668186275,8.98068870706722,3.01999999999967,-2.99733668186276,2.81566142022948,-7.796643330948433e-14,6.04002728683774,3.01999999999975,0.0,18.31629999999848,0,1,0,0
1021040,0.950830755033524,6.03707923769244,3.01999999999967,-2.89733668186276,5.83707923769243,-7.796643330948433e-14,3.84816743689628,3.01999999999975,0.0,8.908622025538287,0,1,0,0
1021045,1.15796862460716,6.03707923769243,3.01999999999967,0.687968624607152,2.94066142022947,-7.796643330948433e-14,2.99641781746296,3.01999999999975,0.0,8.30268180873737,0,1,0,0
1218983,-12.2049400005462,0.0406614202294947,6.03999999999967,-16.140245307016,-0.159338579770518,3.01999999999967,3.83530530646989,3.02,0.0,9.352350995253328,0,1,0,0
1218984,-12.2049400005462,2.94066142022948,6.03999999999967,-12.4049400005462,-0.0593385797705174,3.01999999999967,3.0,3.02,0.0,8.380500000000001,0,1,0,0
1221845,-12.2049400005462,0.0406614202294965,9.05999999999967,-16.360245307016,-0.159338579770518,6.03999999999967,3.83530530646989,3.02,0.0,10.230750995253322,0,1,0,0
1221846,-12.2049400005462,2.94066142022948,9.05999999999967,-12.4049400005462,-0.0593385797705174,6.03999999999967,3.0,3.02,0.0,8.3805,0,1,0,0
1221955,-12.2049400005462,0.0406614202294965,12.0799999999997,-16.360245307016,-0.159338579770518,9.05999999999967,3.83530530646989,3.02,0.0,10.23075099525332,0,1,0,0
1221956,-12.2049400005462,2.94066142022948,12.0799999999997,-12.4049400005462,-0.0593385797705174,9.05999999999967,3.0,3.02,0.0,8.380499999999996,0,1,0,0
1222061,-12.2049400005462,0.0406614202294965,15.0999999999997,-16.360245307016,-0.159338579770518,12.0799999999997,3.83530530646989,3.02,0.0,10.230750995253326,0,1,0,0
1222062,-12.2049400005462,2.94066142022948,15.0999999999997,-12.4049400005462,-0.0593385797705174,12.0799999999997,3.0,3.02,0.0,8.3805,0,1,0,0
1222167,-12.2049400005462,0.0406614202294965,18.1199999999997,-16.360245307016,-0.159338579770518,15.0999999999997,3.83530530646989,3.02,0.0,10.230750995253326,0,1,0,0
1222168,-12.2049400005462,2.94066142022948,18.1199999999997,-12.4049400005462,-0.0593385797705174,15.0999999999997,3.0,3.02,0.0,8.3805,0,1,0,0
1222273,-12.2049400005462,0.0406614202294965,21.1399999999997,-16.360245307016,-0.159338579770518,18.1199999999997,3.83530530646989,3.02000000000001,0.0,10.230750995253326,0,1,0,0
1222274,-12.2049400005462,2.94066142022948,21.1399999999997,-12.4049400005462,-0.0593385797705174,18.1199999999997,3.0,3.02000000000001,0.0,8.380500000000007,0,1,0,0
1222379,-12.2049400005462,0.0406614202294965,24.1599999999997,-16.360245307016,-0.159338579770518,21.1399999999997,3.83530530646989,3.02,0.0,10.230750995253317,0,1,0,0
1222380,-12.2049400005462,2.94066142022948,24.1599999999997,-12.4049400005462,-0.0593385797705174,21.1399999999997,3.0,3.02,0.0,8.380499999999994,0,1,0,0
1222485,-12.2049400005462,0.0406614202294965,27.1799999999997,-16.360245307016,-0.159338579770518,24.1599999999997,3.83530530646989,3.02,0.0,10.230750995253334,0,1,0,0
1222486,-12.2049400005462,2.94066142022948,27.1799999999997,-12.4049400005462,-0.0593385797705174,24.1599999999997,3.0,3.02,0.0,8.380500000000007,0,1,0,0
1222591,-12.2049400005462,0.0406614202294965,30.1999999999997,-16.360245307016,-0.159338579770518,27.1799999999997,3.83530530646989,3.02,0.0,10.23075099525333,0,1,0,0
1222592,-12.2049400005462,2.94066142022948,30.1999999999997,-12.4049400005462,-0.0593385797705174,27.1799999999997,3.0,3.02,0.0,8.380500000000007,0,1,0,0
1222697,-12.2049400005462,0.0406614202294965,33.2199999999997,-16.360245307016,-0.159338579770518,30.1999999999997,3.83530530646989,3.02,0.0,10.230750995253308,0,1,0,0
1222698,-12.2049400005462,2.94066142022948,33.2199999999997,-12.4049400005462,-0.0593385797705174,30.1999999999997,3.0,3.02,0.0,8.380500000000007,0,1,0,0
1392086,-12.2049400005461,8.98066142022948,3.01999999999967,-12.4049400005461,2.94066142022948,-7.796643330948433e-14,6.04,3.01999999999975,0.0,17.93879999999852,0,1,0,0
1392087,-12.3049400005461,6.03707923769244,3.01999999999967,-16.1252453070161,5.83707923769243,-7.796643330948433e-14,3.82030530646992,3.01999999999975,0.0,8.908622025538325,0,1,0,0
1392092,-15.8902453070161,6.03707923769244,3.01999999999967,-16.3602453070161,2.9406614177804,-7.796643330948433e-14,2.99641781991203,3.01999999999975,0.0,8.30268181613355,0,1,0,0
1507979,-12.2943295125434,3.06566142022948,3.01999999999967,-15.8822462494129,2.81566142022947,-7.796643330948433e-14,3.5879167368695,3.01999999999975,0.0,9.284407684473514,0,1,0,0
1509219,1.01563209461353,3.06566142022948,3.01999999999967,-2.89733668186276,2.81566142022947,-7.796643330948433e-14,3.91296877647628,3.01999999999975,0.0,10.525622025538258,0,1,0,0
1511277,0.922968624607151,3.06566142022948,6.03999999999967,-2.89733668186276,2.81566142022947,3.01999999999968,3.82030530646991,3.02,0.0,9.305765168274643,0,1,0,0
1511279,-12.3049400005461,3.06566142022948,9.05999999999967,-16.1252453070161,2.81566142022947,6.03999999999967,3.82030530646991,3.02,0.0,9.23605906214526,0,1,0,0
1511281,0.922968624607151,3.06566142022948,9.05999999999967,-2.89733668186276,2.81566142022947,6.03999999999967,3.82030530646991,3.02,0.0,9.236059062145266,0,1,0,0
1511283,-12.3049400005461,3.06566142022948,12.0799999999997,-16.1252453070161,2.81566142022947,9.05999999999967,3.82030530646991,3.02,0.0,9.236059062145246,0,1,0,0
1511285,0.922968624607152,3.06566142022948,12.0799999999997,-2.89733668186276,2.81566142022947,9.05999999999967,3.82030530646991,3.02,0.0,9.236059062145255,0,1,0,0
1511287,-12.3049400005461,3.06566142022948,15.0999999999997,-16.1252453070161,2.81566142022947,12.0799999999997,3.82030530646991,3.02,0.0,9.236059062145252,0,1,0,0
1511289,0.922968624607152,3.06566142022948,15.0999999999997,-2.89733668186276,2.81566142022947,12.0799999999997,3.82030530646991,3.02,0.0,9.23605906214526,0,1,0,0
1511291,-12.3049400005461,3.06566142022948,18.1199999999997,-16.1252453070161,2.81566142022947,15.0999999999997,3.82030530646991,3.02,0.0,9.236059062145266,0,1,0,0
1511293,0.922968624607152,3.06566142022948,18.1199999999997,-2.89733668186276,2.81566142022947,15.0999999999997,3.82030530646991,3.02,0.0,9.236059062145271,0,1,0,0
1511295,-12.3049400005461,3.06566142022948,21.1399999999997,-16.1252453070161,2.81566142022947,18.1199999999997,3.82030530646991,3.02000000000001,0.0,9.236059062145296,0,1,0,0
1511297,0.922968624607152,3.06566142022948,21.1399999999997,-2.89733668186276,2.81566142022947,18.1199999999997,3.82030530646991,3.02000000000001,0.0,9.236059062145303,0,1,0,0
1511299,-12.3049400005461,3.06566142022948,24.1599999999997,-16.1252453070161,2.81566142022947,21.1399999999997,3.82030530646991,3.02,0.0,9.236059062145276,0,1,0,0
1511301,0.922968624607152,3.06566142022948,24.1599999999997,-2.89733668186276,2.81566142022947,21.1399999999997,3.82030530646991,3.02,0.0,9.23605906214528,0,1,0,0
1511303,-12.3049400005461,3.06566142022948,27.1799999999997,-16.1252453070161,2.81566142022947,24.1599999999997,3.82030530646991,3.02,0.0,9.23605906214526,0,1,0,0
1511305,0.922968624607152,3.06566142022948,27.1799999999997,-2.89733668186276,2.81566142022947,24.1599999999997,3.82030530646991,3.02,0.0,9.236059062145266,0,1,0,0
1511307,-12.3049400005461,3.06566142022948,30.1999999999997,-16.1252453070161,2.81566142022947,27.1799999999997,3.82030530646991,3.02,0.0,9.23605906214526,0,1,0,0
1511309,0.922968624607152,3.06566142022948,30.1999999999997,-2.89733668186276,2.81566142022947,27.1799999999997,3.82030530646991,3.02,0.0,9.236059062145264,0,1,0,0
1511311,-12.3049400005461,3.06566142022948,33.2199999999997,-16.1252453070161,2.81566142022947,30.1999999999997,3.82030530646991,3.02,0.0,9.236059062145276,0,1,0,0
1511313,0.922968624607152,3.06566142022948,33.2199999999997,-2.89733668186276,2.81566142022947,30.1999999999997,3.82030530646991,3.02,0.0,9.236059062145282,0,1,0,0
1646444,-3.55224624941294,-6.2101866047693,3.01999999999992,-3.75224624941294,-7.46438808232572,-7.796643330948433e-14,1.25420147755642,3.01999999999975,0.0,3.153488462220379,0,1,0,0
2303605,-1.46785582655685,-3.31018660476932,3.01999999999967,-1.66785582655685,-7.46438808232573,-7.796643330948433e-14,4.00420147743768,3.01999999999975,0.0,11.91148846221937,0,1,0,0
2304239,-1.46785582655685,-3.30933857977051,6.04,-1.66785582655685,-7.67938808232568,3.02,4.16004950255517,3.02,0.0,13.197549497716606,0,1,0,0
2833712,-12.2049400005461,8.98066142022948,6.03999999999967,-12.4049400005462,2.81566142022948,3.01999999999967,6.04,3.02,0.0,18.316299999999995,0,1,0,0
2833713,-12.3049400005461,6.03707923769244,6.03999999999967,-16.1252453070161,5.83707923769243,3.01999999999967,3.82030530646991,3.02,0.0,8.908622025539152,0,1,0,0
2833718,-15.8902453070161,6.03707923769243,6.03999999999967,-16.3602453070161,2.94066142022947,3.01999999999967,3.09641781746296,3.02,0.0,8.351181808738152,0,1,0,0
2833757,-12.3049400005461,3.06566142022948,6.03999999999967,-16.1252453070161,2.81566142022947,3.01999999999967,3.82030530646991,3.02,0.0,10.525622025539125,0,1,0,0
3992656,1.15083075503358,5.93707923769243,6.93034962750971e-14,0.750830755033524,2.8156614179754,-5.05000000000072,2.99641781746296,5.05000000000072,0.0,15.216741502164814,0,1,0,0
3992657,-2.12069845427297,6.02896852461938,6.93034962750971e-14,-2.88942673197822,5.82891634940332,-5.05000000000072,0.768714704692882,5.05000000000072,0.0,3.377043533863655,0,1,0,0
3992658,1.01563209461353,3.06566141797541,6.93034962750971e-14,-2.88941994458666,2.81566141797533,-5.05000000000072,3.90505203920018,5.05000000000072,0.0,17.878266033084902,0,1,0,0
3992664,-15.9246591441996,6.03707923676103,6.93034962750971e-14,-16.3246591441997,2.8156614177804,-5.05000000000072,2.99641781991203,5.05000000000072,0.0,16.268159985854673,0,1,0,0
3992665,-12.2943295125434,3.06566141778047,6.93034962750971e-14,-16.1774687614831,2.8156614177804,-5.05000000000072,3.88313924893963,5.05000000000072,0.0,17.828164639866458,0,1,0,0
3992666,-15.2556352902061,6.03707923676104,6.93034962750971e-14,-16.1252453070161,5.83707923676102,-5.05000000000072,0.869610016809995,5.05000000000072,0.0,3.3785704626682573,0,1,0,0
3992727,-12.2943295125435,6.03707923676109,6.93034962750971e-14,-12.5416357614045,5.83707923676109,-5.05000000000072,0.247306248861013,5.05000000000072,0.0,0.7438965567482362,0,1,0,0
3992729,1.15083075503353,6.02892313679455,6.93034962750971e-14,0.0792879764722137,5.82885040745129,-5.05000000000072,0.871535993177303,5.05000000000072,0.0,5.411291044200021,0,1,0,0
3992731,-0.820698451278539,6.02894349850858,6.93034962750971e-14,-1.22071202514018,5.82891634940315,-5.05000000000072,0.399999999999962,5.05000000000072,0.0,2.0200000000001235,0,1,0,0
3993120,-4.43690885812281,-4.88018660569919,6.93034962750971e-14,-4.63690885812282,-5.47018660569931,-5.05000000000072,0.590000000000112,5.05000000000072,0.0,2.9795000000010274,0,1,0,0
3993122,-4.43123403159688,-3.290186605699,6.93034962750971e-14,-4.6312340315969,-3.9801866056992,-5.05000000000072,0.540000000000187,5.05000000000072,0.0,3.484500000001483,0,1,0,0
3993126,-12.1943295125434,2.94066142022948,6.93034962750971e-14,-12.3943295125434,-0.159166487552857,-5.05000000000072,2.99982790778234,5.05000000000072,0.0,15.654130934303232,0,1,0,0
3993127,-2.78941994458664,8.98068870706723,6.93034962750971e-14,-2.98941994458675,2.94066142022948,-5.05000000000072,6.04002728683775,5.05000000000072,0.0,29.996999995302023,0,1,0,0
3993171,-12.2943295125434,0.0408335124471074,6.93034962750971e-14,-13.055635290206,-0.159166487552897,-5.05000000000072,0.761305777662594,5.05000000000072,0.0,3.339594177196629,0,1,0,0
3993180,1.14063209461362,2.94066142022947,6.93034962750971e-14,0.890632094613525,-1.44719830436117,-5.05000000000072,4.38785972459063,5.05000000000072,0.0,21.52744159780302,0,1,0,0
3993182,-16.0774687614829,2.9406614177804,6.93034962750971e-14,-16.277468761483,-2.007049685434,-5.05000000000072,4.82270441539757,5.05000000000072,0.0,24.35469107123651,0,1,0,0
3993264,1.15083075503358,6.02888093725721,-5.05000000000065,0.75083075503352,2.94066142022946,-8.05000000000071,2.99641781746296,2.99999999999999,0.0,8.88965855784558,0,1,0,0
3993265,-2.67941994458671,6.02891922204694,-5.05000000000065,-2.88941994458671,5.82891922204693,-8.05000000000071,0.210000000000004,2.99999999999999,0.0,0.3300000000000199,0,1,0,0
3993266,1.14063209461353,3.06566141797541,-5.05000000000065,-2.88941994458664,2.81566141797533,-8.05000000000071,3.90505203920016,2.99999999999999,0.0,11.79015611760076,0,1,0,0
3993271,-12.2943295125434,3.06566141778047,-5.05000000000065,-16.1774687614831,2.8156614177804,-8.05000000000071,3.88313924893963,2.99999999999999,0.0,11.049417746819111,0,1,0,0
3993272,-15.305635290206,6.037079236761,-5.05000000000065,-16.3323285701409,5.83707923676098,-8.05000000000071,0.826693279934899,2.99999999999999,0.0,3.0800798398047617,0,1,0,0
3993316,-12.2943295125435,6.03707923676106,-5.05000000000065,-12.4902473610741,5.83707923676105,-8.05000000000071,0.195917848530578,2.99999999999999,0.0,0.2877535455917417,0,1,0,0
3993318,-13.4916357614044,6.03707923676104,-5.05000000000065,-14.3056352902063,5.83707923676102,-8.05000000000071,0.813999528801844,2.99999999999999,0.0,2.441998586405582,0,1,0,0
3993320,-0.862097368854031,6.02891922204697,-5.05000000000065,-1.77709736885403,5.82891922204695,-8.05000000000071,0.915,2.99999999999999,0.0,2.7450000000000565,0,1,0,0
3993432,-4.4395136717388,-6.4325704970333,-5.05000000000065,-4.63951367173883,-7.43938808325562,-8.05000000000071,1.00681758622231,2.99999999999999,0.0,2.420452758666997,0,1,0,0
3993437,-2.78941994458665,8.98068870706723,-5.05000000000065,-2.98941994458678,2.94066141797533,-8.05000000000071,6.04002728909189,2.99999999999999,0.0,17.82008186727605,0,1,0,0
3994343,-1.44516227238167,-1.61018660476935,-5.05000000000065,-1.64516227238182,-7.63938808325557,-8.05000000000071,5.82920147848622,2.99999999999999,0.0,17.787604432665415,0,1,0,0
3994351,-0.151057710309744,0.0399855789647653,-5.05000000000065,-3.73910652692582,-0.160014421035301,-8.05000000000071,3.58804881661607,2.99999999999999,0.0,10.764146449848432,0,1,0,0
3994635,-16.0774687614829,2.9406614177804,-5.05000000000065,-16.2774687614831,-2.00656696231855,-8.05000000000071,4.82270441539757,2.99999999999999,0.0,14.84168514029716,0,1,0,0
3994864,-1.54516227238177,-3.29018660569894,6.93034962750971e-14,-4.53123403159688,-3.59018660569901,-5.05000000000072,2.98607175921511,5.05000000000072,0.0,14.069662384038615,0,1,0,0
3994866,-1.54516227238177,-3.29018660569893,-5.05000000000065,-4.53951367173889,-3.59018660569901,-8.05000000000071,2.99435139935711,2.99999999999999,0.0,8.383054198071472,0,1,0,0
3995016,0.950830755033521,6.0288809372572,-5.05000000000065,0.035830755033517,5.82888093725719,-8.05000000000071,0.915,2.99999999999999,0.0,2.145000000000054,0,1,0,0
3996221,1.01563209461358,0.0399855789647866,-5.05000000000065,0.748942289690238,-0.160014421035219,-8.05000000000071,0.266689804923341,2.99999999999999,0.0,0.4250694147700322,0,1,0,0
3996243,-14.0056352902061,0.0408335124471186,-5.05000000000065,-14.9696348190074,-0.159166487552896,-8.05000000000071,0.96399952880129,2.99999999999999,0.0,2.891998586403931,0,1,0,0
3996818,-13.955635290206,0.0408335124471187,6.93034962750971e-14,-15.0196348190075,-0.159166487552888,-5.05000000000072,1.06399952880154,5.05000000000072,0.0,5.373197620448635,0,1,0,0
3996820,-13.4416357614045,6.03707923676106,6.93034962750971e-14,-14.3556352902061,5.83707923676104,-5.05000000000072,0.913999528801579,5.05000000000072,0.0,4.61569762044869,0,1,0,0
3996850,-4.43951367173879,-6.37018660569931,6.93034962750971e-14,-4.6395136717388,-7.46438808232572,-5.05000000000072,1.09420147662641,5.05000000000072,0.0,4.38946746166003,0,1,0,0
3998827,-1.44516227238168,-1.61018660476935,6.93034962750971e-14,-1.6451622723818,-7.63938808325557,-5.05000000000072,5.82920147848622,5.05000000000072,0.0,29.942467461657667,0,1,0,0
4000357,1.14063209461359,2.94066142022947,-5.05000000000065,0.890632094613526,-0.534338582024597,-8.05000000000071,3.47500000225406,2.99999999999999,0.0,10.050000000000209,0,1,0,0
4000361,-4.43951367173883,-4.8451866056992,-5.05000000000065,-4.63951367173885,-5.54886925628128,-8.05000000000071,0.703682650582075,2.99999999999999,0.0,2.111047951746268,0,1,0,0
4000363,-4.43951367173887,-3.16018660569928,-5.05000000000065,-4.63951367173887,-3.9451866056992,-8.05000000000071,0.784999999999922,2.99999999999999,0.0,2.3549999999998152,0,1,0,0
4000367,-12.1056352902058,0.0408335124471473,-5.05000000000065,-13.0056352902059,-0.159166487552867,-8.05000000000071,0.900000000000003,2.99999999999999,0.0,2.7000000000000663,0,1,0,0
4000370,-15.9323285701408,5.93707923676099,-5.05000000000065,-16.3323285701409,2.9406614177804,-8.05000000000071,2.99641781898058,2.99999999999999,0.0,8.689253456941938,0,1,0,0
4081633,-12.1943295125434,2.94066141778047,-5.05000000000065,-12.3943295125434,-0.0591664875528575,-8.05000000000071,2.99982790533333,2.99999999999999,0.0,8.699483716000165,0,1,0,0
4082095,-2.78941994458658,2.94066141797534,-5.05000000000065,-2.98941994458665,-0.0600144210352881,-8.05000000000071,3.00067583901062,2.99999999999999,0.0,8.702027517032036,0,1,0,0
4082274,-2.78941994458659,2.94066142022948,6.93034962750971e-14,-2.98941994458664,-0.160014421035252,-5.05000000000072,3.00319124078915,5.05000000000072,0.0,15.658412998389323,0,1,0,0
4082386,-12.1943295125434,12.1403067491688,6.93034962750971e-14,-12.3943295125436,2.94066142022948,-5.05000000000072,9.1996453289393,5.05000000000072,0.0,45.95320891115061,0,1,0,0
4094631,-15.8902453070161,2.9406614177804,3.01999999999967,-16.3602453070161,-0.0600144201040559,-7.796643330948433e-14,3.00067583788446,3.01999999999975,0.0,8.026596895593888,0,1,0,0
4094844,-15.8902453070161,2.94066142022947,6.03999999999967,-16.3602453070161,-0.0593385797705057,3.01999999999967,2.99999999999997,3.02,0.0,7.757999999999924,0,1,0,0
4095026,-15.8902453070161,2.94066142022947,9.05999999999967,-16.3602453070161,-0.0593385797705057,6.03999999999967,2.99999999999997,3.02,0.0,7.372292409300084,0,1,0,0
4095104,1.15796862460715,2.94066142022947,9.05999999999967,0.687968624607147,-0.0593385797706432,6.03999999999967,3.00000000000011,3.02,0.0,7.376042409300427,0,1,0,0
4096995,-15.8902453070161,2.94066142022947,12.0799999999997,-16.3602453070161,-0.0593385797705062,9.05999999999967,2.99999999999997,3.02,0.0,7.372292409300085,0,1,0,0
4097104,1.15796862460715,2.94066142022947,12.0799999999997,0.687968624607147,-0.0593385797706432,9.05999999999967,3.00000000000011,3.02,0.0,7.376042409300421,0,1,0,0
4097232,-15.8902453070161,2.94066142022947,15.0999999999997,-16.3602453070161,-0.0593385797705057,12.0799999999997,2.99999999999997,3.02,0.0,7.372292409300077,0,1,0,0
4097376,1.15796862460715,2.94066142022947,15.0999999999997,0.687968624607147,-0.0593385797706432,12.0799999999997,3.00000000000011,3.02,0.0,7.376042409300421,0,1,0,0
4097451,-15.8902453070161,2.94066142022947,18.1199999999997,-16.3602453070161,-0.0593385797705057,15.0999999999997,2.99999999999997,3.02,0.0,7.372292409300077,0,1,0,0
4097485,1.15796862460715,2.94066142022947,18.1199999999997,0.687968624607147,-0.0593385797706432,15.0999999999997,3.00000000000011,3.02,0.0,7.376042409300422,0,1,0,0
4097608,-15.8902453070161,2.94066142022947,21.1399999999997,-16.3602453070161,-0.0593385797705057,18.1199999999997,2.99999999999997,3.02000000000001,0.0,7.372292409300082,0,1,0,0
4097699,1.15796862460715,2.94066142022947,21.1399999999997,0.687968624607147,-0.0593385797706432,18.1199999999997,3.00000000000011,3.02000000000001,0.0,7.376042409300429,0,1,0,0
4097802,-15.8902453070161,2.94066142022947,24.1599999999997,-16.3602453070161,-0.0593385797705057,21.1399999999997,2.99999999999997,3.02,0.0,7.372292409300087,0,1,0,0
4097875,1.15796862460715,2.94066142022947,24.1599999999997,0.687968624607147,-0.0593385797706453,21.1399999999997,3.00000000000011,3.02,0.0,7.376042409300426,0,1,0,0
4097980,-15.8902453070161,2.94066142022947,27.1799999999997,-16.3602453070161,-0.0593385797705057,24.1599999999997,2.99999999999997,3.02,0.0,7.372292409300088,0,1,0,0
4098117,1.15796862460715,2.94066142022947,27.1799999999997,0.687968624607147,-0.0593385797706432,24.1599999999997,3.00000000000011,3.02,0.0,7.376042409300438,0,1,0,0
4098350,-15.8902453070161,2.94066142022947,30.1999999999997,-16.3602453070161,-0.0593385797705057,27.1799999999997,2.99999999999997,3.02,0.0,7.372292409300088,0,1,0,0
4098456,1.15796862460715,2.94066142022947,30.1999999999997,0.687968624607147,-0.0593385797706432,27.1799999999997,3.00000000000011,3.02,0.0,7.376042409300427,0,1,0,0
4098638,1.15796862460715,2.94066142022947,33.2199999999997,0.687968624607147,-0.0593385797706432,30.1999999999997,3.00000000000011,3.02,0.0,7.376042409300427,0,1,0,0
4098678,-15.8902453070161,2.94066142022947,33.2199999999997,-16.3602453070161,-0.0593385797705057,30.1999999999997,2.99999999999997,3.02,0.0,7.372292409300093,0,1,0,0
4119625,-1.56785582655685,-7.20938808232566,9.05999999999967,-4.65971124317708,-7.67938808232567,6.03999999999967,3.0,3.02,0.0,8.035403358193102,0,1,0,0
4119628,-1.56785582655685,-7.20938808232566,12.0799999999997,-4.65971124317708,-7.67938808232567,9.05999999999967,3.0,3.02,0.0,8.035403358193099,0,1,0,0
4119631,-1.56785582655685,-7.20938808232566,15.0999999999997,-4.65971124317708,-7.67938808232567,12.0799999999997,3.0,3.02,0.0,8.0354033581931,0,1,0,0
4119634,-1.56785582655685,-7.20938808232566,18.1199999999997,-4.65971124317708,-7.67938808232567,15.0999999999997,3.0,3.02,0.0,8.035403358193102,0,1,0,0
4119637,-1.56785582655685,-7.20938808232566,21.1399999999997,-4.65971124317708,-7.67938808232567,18.1199999999997,3.0,3.02000000000001,0.0,8.0354033581931,0,1,0,0
4119640,-1.56785582655685,-7.20938808232566,24.1599999999997,-4.65971124317708,-7.67938808232567,21.1399999999997,3.0,3.02,0.0,8.035403358193108,0,1,0,0
4119643,-1.56785582655685,-7.20938808232566,27.1799999999997,-4.65971124317708,-7.67938808232567,24.1599999999997,3.0,3.02,0.0,8.035403358193093,0,1,0,0
4119646,-1.56785582655685,-7.20938808232566,30.1999999999997,-4.65971124317708,-7.67938808232567,27.1799999999997,3.0,3.02,0.0,8.035403358193095,0,1,0,0
4119649,-1.56785582655685,-7.20938808232566,33.2199999999997,-4.65971124317708,-7.67938808232567,30.1999999999997,3.0,3.02,0.0,8.035403358193093,0,1,0,0
4119654,-1.56785582655685,-7.25938808232567,6.03999999999967,-4.6375610943795,-7.67938808232568,3.01999999999967,3.06970526782265,3.02,0.0,8.968509908824412,0,1,0,0
4119655,-1.40240507816669,-7.25438808232572,3.01999999999967,-4.64570567775926,-7.67438808232573,-7.796643330948433e-14,3.14330059959257,3.01999999999975,0.0,9.794767810768754,0,1,0,0
4119663,-1.54516227238167,-7.23938808325557,6.93034962750971e-14,-4.63136908835906,-7.63938808325561,-5.05000000000065,3.00054340537759,5.05000000000072,0.0,15.08034442068785,0,1,0,0
4119684,-1.54516227238167,-7.23938808325557,-5.05000000000065,-4.63951367173881,-7.63938808325562,-8.05000000000064,2.99435139935713,2.99999999999999,0.0,8.983054198071368,0,1,0,0
4120481,-12.1943295125434,12.2403067491688,-5.05000000000065,-12.3943295125436,2.94066141778047,-8.05000000000071,9.1996453313883,2.99999999999999,0.0,27.89893599416548,0,1,0,0
4124132,-15.8574687614829,0.0408335124470903,6.93034962750971e-14,-16.1774687614829,-0.159166487552915,-5.05000000000065,0.320000000000003,5.05000000000072,0.0,1.1110000000001912,0,1,0,0
4124241,-15.8446348190074,0.065833512447111,-5.05000000000065,-16.177468761483,-0.134166487552894,-8.05000000000064,0.332833942475612,2.99999999999999,0.0,0.6985018274268392,0,1,0,0
341146,1.39412129059867,2.69211718837171,8.16499999999969,0.677968624607146,0.627117188371711,7.13499999999969,0.0,1.0,1.0,1.0,0,0,0,1
679305,1.39412129059867,2.69211718837171,11.1849999999997,0.677968624607146,0.627117188371711,10.1549999999997,0.0,1.0,1.0,1.0,0,0,0,1
680093,1.39412129059867,2.69211718837171,14.2049999999997,0.677968624607146,0.627117188371711,13.1749999999997,0.0,1.0,1.0,1.0,0,0,0,1
680881,1.39412129059867,2.69211718837171,17.2249999999997,0.677968624607146,0.627117188371711,16.1949999999997,0.0,1.0,1.0,1.0,0,0,0,1
681669,1.39412129059867,2.69211718837171,20.2449999999997,0.677968624607146,0.627117188371711,19.2149999999997,0.0,1.0,1.0,1.0,0,0,0,1
682457,1.39412129059867,2.69211718837171,23.2649999999997,0.677968624607146,0.627117188371711,22.2349999999997,0.0,1.0,1.0,1.0,0,0,0,1
683245,1.39412129059867,2.69211718837171,26.2849999999997,0.677968624607146,0.627117188371711,25.2549999999997,0.0,1.0,1.0,1.0,0,0,0,1
684033,1.39412129059867,2.69211718837171,29.3049999999997,0.677968624607146,0.627117188371711,28.2749999999997,0.0,1.0,1.0,1.0,0,0,0,1
684821,1.39412129059867,2.69211718837171,32.3249999999997,0.677968624607146,0.627117188371711,31.2949999999997,0.0,1.0,1.0,1.0,0,0,0,1
725351,1.39412129059867,5.46707794729008,5.14499999999971,0.67796862460715,3.40207794729008,4.11499999999971,0.0,1.0,1.0,1.0,0,0,0,1
726627,-15.8802453070161,5.46707794729008,8.16499999999971,-16.5963979730076,3.40207794729008,7.13499999999971,0.0,1.0,1.0,1.0,0,0,0,1
726727,1.39412129059867,5.46707794729008,8.16499999999971,0.67796862460715,3.40207794729008,7.13499999999971,0.0,1.0,1.0,1.0,0,0,0,1
726866,-15.8802453070161,5.46707794729008,11.1849999999997,-16.5963979730076,3.40207794729008,10.1549999999997,0.0,1.0,1.0,1.0,0,0,0,1
726966,1.39412129059867,5.46707794729008,11.1849999999997,0.67796862460715,3.40207794729008,10.1549999999997,0.0,1.0,1.0,1.0,0,0,0,1
727105,-15.8802453070161,5.46707794729008,14.2049999999997,-16.5963979730076,3.40207794729008,13.1749999999997,0.0,1.0,1.0,1.0,0,0,0,1
727205,1.39412129059867,5.46707794729008,14.2049999999997,0.67796862460715,3.40207794729008,13.1749999999997,0.0,1.0,1.0,1.0,0,0,0,1
727344,-15.8802453070161,5.46707794729008,17.2249999999997,-16.5963979730076,3.40207794729008,16.1949999999997,0.0,1.0,1.0,1.0,0,0,0,1
727444,1.39412129059867,5.46707794729008,17.2249999999997,0.67796862460715,3.40207794729008,16.1949999999997,0.0,1.0,1.0,1.0,0,0,0,1
727583,-15.8802453070161,5.46707794729008,20.2449999999997,-16.5963979730076,3.40207794729008,19.2149999999997,0.0,1.0,1.0,1.0,0,0,0,1
727683,1.39412129059867,5.46707794729008,20.2449999999997,0.67796862460715,3.40207794729008,19.2149999999997,0.0,1.0,1.0,1.0,0,0,0,1
727822,-15.8802453070161,5.46707794729008,23.2649999999997,-16.5963979730076,3.40207794729008,22.2349999999997,0.0,1.0,1.0,1.0,0,0,0,1
727922,1.39412129059867,5.46707794729008,23.2649999999997,0.67796862460715,3.40207794729008,22.2349999999997,0.0,1.0,1.0,1.0,0,0,0,1
728061,-15.8802453070161,5.46707794729008,26.2849999999997,-16.5963979730076,3.40207794729008,25.2549999999997,0.0,1.0,1.0,1.0,0,0,0,1
728161,1.39412129059867,5.46707794729008,26.2849999999997,0.67796862460715,3.40207794729008,25.2549999999997,0.0,1.0,1.0,1.0,0,0,0,1
728300,-15.8802453070161,5.46707794729008,29.3049999999997,-16.5963979730076,3.40207794729008,28.2749999999997,0.0,1.0,1.0,1.0,0,0,0,1
728400,1.39412129059867,5.46707794729008,29.3049999999997,0.67796862460715,3.40207794729008,28.2749999999997,0.0,1.0,1.0,1.0,0,0,0,1
728539,-15.8802453070161,5.46707794729008,32.3249999999997,-16.5963979730076,3.40207794729008,31.2949999999997,0.0,1.0,1.0,1.0,0,0,0,1
728639,1.39412129059867,5.46707794729008,32.3249999999997,0.67796862460715,3.40207794729008,31.2949999999997,0.0,1.0,1.0,1.0,0,0,0,1
1021096,1.39412129059867,5.46387780701568,2.12499999999986,0.67796862460715,3.39887780701568,1.09499999999986,0.0,1.0,1.0,1.0,0,0,0,1
1218992,-15.880245307016,2.69212609485213,5.14499999999949,-16.5963979730076,0.627126094852127,4.11499999999949,0.0,1.0,1.0,1.0,0,0,0,1
1221854,-15.880245307016,2.69212609485213,8.16499999999949,-16.5963979730076,0.627126094852127,7.13499999999949,0.0,1.0,1.0,1.0,0,0,0,1
1221964,-15.880245307016,2.69212609485213,11.1849999999995,-16.5963979730076,0.627126094852127,10.1549999999995,0.0,1.0,1.0,1.0,0,0,0,1
1222070,-15.880245307016,2.69212609485213,14.2049999999995,-16.5963979730076,0.627126094852127,13.1749999999995,0.0,1.0,1.0,1.0,0,0,0,1
1222176,-15.880245307016,2.69212609485213,17.2249999999995,-16.5963979730076,0.627126094852127,16.1949999999995,0.0,1.0,1.0,1.0,0,0,0,1
1222282,-15.880245307016,2.69212609485213,20.2449999999995,-16.5963979730076,0.627126094852127,19.2149999999995,0.0,1.0,1.0,1.0,0,0,0,1
1222388,-15.880245307016,2.69212609485213,23.2649999999995,-16.5963979730076,0.627126094852127,22.2349999999995,0.0,1.0,1.0,1.0,0,0,0,1
1222494,-15.880245307016,2.69212609485213,26.2849999999995,-16.5963979730076,0.627126094852127,25.2549999999995,0.0,1.0,1.0,1.0,0,0,0,1
1222600,-15.880245307016,2.69212609485213,29.3049999999995,-16.5963979730076,0.627126094852127,28.2749999999995,0.0,1.0,1.0,1.0,0,0,0,1
1222706,-15.880245307016,2.69212609485213,32.3249999999995,-16.5963979730076,0.627126094852127,31.2949999999995,0.0,1.0,1.0,1.0,0,0,0,1
1392126,-15.8802453070161,5.46388368723479,2.12499999999983,-16.5963979730076,3.39888368723479,1.09499999999983,0.0,1.0,1.0,1.0,0,0,0,1
1737230,-15.6540926410245,2.38660417812898,2.08999999999992,-16.3702453070161,1.74660417812898,0.769999999999923,0.0,0.5,0.6,0.3,0,0,0,1
2833743,-15.8802453070161,5.46707794729008,5.14499999999971,-16.5963979730076,3.40207794729008,4.11499999999971,0.0,1.0,1.0,1.0,0,0,0,1
4119626,-1.8435114434252,-7.19938808232566,8.16500000000035,-3.9085114434252,-7.91554074831718,7.13500000000036,0.0,1.0,1.0,1.0,0,0,0,1
4119629,-1.8435114434252,-7.19938808232566,11.1850000000003,-3.9085114434252,-7.91554074831718,10.1550000000003,0.0,1.0,1.0,1.0,0,0,0,1
4119632,-1.8435114434252,-7.19938808232566,14.2050000000004,-3.9085114434252,-7.91554074831718,13.1750000000004,0.0,1.0,1.0,1.0,0,0,0,1
4119635,-1.8435114434252,-7.19938808232566,17.2250000000003,-3.9085114434252,-7.91554074831718,16.1950000000003,0.0,1.0,1.0,1.0,0,0,0,1
4119638,-1.8435114434252,-7.19938808232566,20.2450000000003,-3.9085114434252,-7.91554074831718,19.2150000000003,0.0,1.0,1.0,1.0,0,0,0,1
4119641,-1.8435114434252,-7.19938808232566,23.2650000000004,-3.9085114434252,-7.91554074831718,22.2350000000004,0.0,1.0,1.0,1.0,0,0,0,1
4119644,-1.8435114434252,-7.19938808232566,26.2850000000004,-3.9085114434252,-7.91554074831718,25.2550000000004,0.0,1.0,1.0,1.0,0,0,0,1
4119647,-1.8435114434252,-7.19938808232566,29.3050000000003,-3.9085114434252,-7.91554074831718,28.2750000000003,0.0,1.0,1.0,1.0,0,0,0,1
4119650,-1.8435114434252,-7.19938808232566,32.3250000000004,-3.9085114434252,-7.91554074831718,31.2950000000004,0.0,1.0,1.0,1.0,0,0,0,1
341153,0.61266237574036,0.275034147943677,8.15999999999967,-0.231337624259644,-0.939338579770631,6.05999999999967,0.0,2.0,0.7,1.4,0,0,1,0
607822,-0.51785582655673,-0.22933857977057,8.16999999999966,-2.48822991337329,-1.28933857977057,6.03999999999967,0.0,2.1,1.0,2.1,0,0,1,0
679312,0.61266237574036,0.275034147943677,11.1799999999997,-0.231337624259644,-0.939338579770631,9.07999999999967,0.0,2.0,0.7,1.4,0,0,1,0
680100,0.61266237574036,0.275034147943677,14.1999999999997,-0.231337624259644,-0.939338579770631,12.0999999999997,0.0,2.0,0.7,1.4,0,0,1,0
680888,0.61266237574036,0.275034147943677,17.2199999999997,-0.231337624259644,-0.939338579770631,15.1199999999997,0.0,2.0,0.7,1.4,0,0,1,0
681676,0.61266237574036,0.275034147943677,20.2399999999997,-0.231337624259644,-0.939338579770631,18.1399999999997,0.0,2.0,0.7,1.4,0,0,1,0
682464,0.61266237574036,0.275034147943677,23.2599999999997,-0.231337624259644,-0.939338579770631,21.1599999999997,0.0,2.0,0.7,1.4,0,0,1,0
683252,0.61266237574036,0.275034147943677,26.2799999999997,-0.231337624259644,-0.939338579770631,24.1799999999997,0.0,2.0,0.7,1.4,0,0,1,0
684040,0.61266237574036,0.275034147943677,29.2999999999997,-0.231337624259644,-0.939338579770631,27.1999999999997,0.0,2.0,0.7,1.4,0,0,1,0
684828,0.61266237574036,0.275034147943677,32.3199999999997,-0.231337624259644,-0.939338579770631,30.2199999999997,0.0,2.0,0.7,1.4,0,0,1,0
725302,-1.83533668186275,6.81707923769243,5.13999999999967,-2.67933668186275,5.60270650997812,3.03999999999967,0.0,2.0,0.7,1.4,0,0,1,0
726578,-12.5229400005462,6.81707923769243,8.15999999999967,-13.3669400005462,5.60270650997812,6.05999999999967,0.0,2.0,0.7,1.4,0,0,1,0
726678,-1.83533668186275,6.81707923769243,8.15999999999967,-2.67933668186275,5.60270650997812,6.05999999999967,0.0,2.0,0.7,1.4,0,0,1,0
726817,-12.5229400005462,6.81707923769243,11.1799999999997,-13.3669400005462,5.60270650997812,9.07999999999967,0.0,2.0,0.7,1.4,0,0,1,0
726917,-1.83533668186275,6.81707923769243,11.1799999999997,-2.67933668186275,5.60270650997812,9.07999999999967,0.0,2.0,0.7,1.4,0,0,1,0
727056,-12.5229400005462,6.81707923769243,14.1999999999997,-13.3669400005462,5.60270650997812,12.0999999999997,0.0,2.0,0.7,1.4,0,0,1,0
727156,-1.83533668186275,6.81707923769243,14.1999999999997,-2.67933668186275,5.60270650997812,12.0999999999997,0.0,2.0,0.7,1.4,0,0,1,0
727295,-12.5229400005462,6.81707923769243,17.2199999999997,-13.3669400005462,5.60270650997812,15.1199999999997,0.0,2.0,0.7,1.4,0,0,1,0
727395,-1.83533668186275,6.81707923769243,17.2199999999997,-2.67933668186275,5.60270650997812,15.1199999999997,0.0,2.0,0.7,1.4,0,0,1,0
727534,-12.5229400005462,6.81707923769243,20.2399999999997,-13.3669400005462,5.60270650997812,18.1399999999997,0.0,2.0,0.7,1.4,0,0,1,0
727634,-1.83533668186275,6.81707923769243,20.2399999999997,-2.67933668186275,5.60270650997812,18.1399999999997,0.0,2.0,0.7,1.4,0,0,1,0
727773,-12.5229400005462,6.81707923769243,23.2599999999997,-13.3669400005462,5.60270650997812,21.1599999999997,0.0,2.0,0.7,1.4,0,0,1,0
727873,-1.83533668186275,6.81707923769243,23.2599999999997,-2.67933668186275,5.60270650997812,21.1599999999997,0.0,2.0,0.7,1.4,0,0,1,0
728012,-12.5229400005462,6.81707923769243,26.2799999999997,-13.3669400005462,5.60270650997812,24.1799999999997,0.0,2.0,0.7,1.4,0,0,1,0
728112,-1.83533668186275,6.81707923769243,26.2799999999997,-2.67933668186275,5.60270650997812,24.1799999999997,0.0,2.0,0.7,1.4,0,0,1,0
728251,-12.5229400005462,6.81707923769243,29.2999999999997,-13.3669400005462,5.60270650997812,27.1999999999997,0.0,2.0,0.7,1.4,0,0,1,0
728351,-1.83533668186275,6.81707923769243,29.2999999999997,-2.67933668186275,5.60270650997812,27.1999999999997,0.0,2.0,0.7,1.4,0,0,1,0
728490,-12.5229400005462,6.81707923769243,32.3199999999997,-13.3669400005462,5.60270650997812,30.2199999999997,0.0,2.0,0.7,1.4,0,0,1,0
728590,-1.83533668186275,6.81707923769243,32.3199999999997,-2.67933668186275,5.60270650997812,30.2199999999997,0.0,2.0,0.7,1.4,0,0,1,0
818455,-4.23348309884253,-3.62818660476933,8.17999999999967,-5.44785582655684,-4.47218660476933,6.05999999999967,0.0,2.02,0.7,1.414,0,0,1,0
819990,-4.23348309884253,-3.62818660476933,11.1999999999997,-5.44785582655684,-4.47218660476933,9.07999999999967,0.0,2.02,0.7,1.414,0,0,1,0
820064,-4.23348309884253,-3.62818660476933,14.2199999999997,-5.44785582655684,-4.47218660476933,12.0999999999997,0.0,2.02,0.7,1.414,0,0,1,0
820138,-4.23348309884253,-3.62818660476933,17.2399999999997,-5.44785582655684,-4.47218660476933,15.1199999999997,0.0,2.02,0.7,1.414,0,0,1,0
820212,-4.23348309884253,-3.62818660476933,20.2599999999997,-5.44785582655684,-4.47218660476933,18.1399999999997,0.0,2.02,0.7,1.414,0,0,1,0
820286,-4.23348309884253,-3.62818660476933,23.2799999999997,-5.44785582655684,-4.47218660476933,21.1599999999997,0.0,2.02,0.7,1.414,0,0,1,0
820360,-4.23348309884253,-3.62818660476933,26.2999999999997,-5.44785582655684,-4.47218660476933,24.1799999999997,0.0,2.02,0.7,1.414,0,0,1,0
820434,-4.23348309884253,-3.62818660476933,29.3199999999997,-5.44785582655684,-4.47218660476933,27.1999999999997,0.0,2.02,0.7,1.414,0,0,1,0
820508,-4.23348309884253,-3.62818660476933,32.3399999999997,-5.44785582655684,-4.47218660476933,30.2199999999997,0.0,2.02,0.7,1.414,0,0,1,0
1021047,-1.83533668186275,6.81707923769243,2.11999999999992,-2.67933668186275,5.60270650997812,0.019999999999922,0.0,2.0,0.7,1.4,0,0,1,0
1030438,-14.5196346940763,2.07998557989595,2.09999999999798,-15.6196346940763,-0.980388506920499,-7.796643330948433e-14,0.0,2.1,1.1,2.3100000000000005,0,0,1,0
1218999,-14.978245307016,0.275034147943816,5.13999999999967,-15.822245307016,-0.939338579770493,3.03999999999967,0.0,2.0,0.7,1.4,0,0,1,0
1221861,-14.978245307016,0.275034147943816,8.15999999999967,-15.822245307016,-0.939338579770493,6.05999999999967,0.0,2.0,0.7,1.4,0,0,1,0
1221971,-14.978245307016,0.275034147943816,11.1799999999997,-15.822245307016,-0.939338579770493,9.07999999999967,0.0,2.0,0.7,1.4,0,0,1,0
1222077,-14.978245307016,0.275034147943816,14.1999999999997,-15.822245307016,-0.939338579770493,12.0999999999997,0.0,2.0,0.7,1.4,0,0,1,0
1222183,-14.978245307016,0.275034147943816,17.2199999999997,-15.822245307016,-0.939338579770493,15.1199999999997,0.0,2.0,0.7,1.4,0,0,1,0
1222289,-14.978245307016,0.275034147943816,20.2399999999997,-15.822245307016,-0.939338579770493,18.1399999999997,0.0,2.0,0.7,1.4,0,0,1,0
1222395,-14.978245307016,0.275034147943816,23.2599999999997,-15.822245307016,-0.939338579770493,21.1599999999997,0.0,2.0,0.7,1.4,0,0,1,0
1222501,-14.978245307016,0.275034147943816,26.2799999999997,-15.822245307016,-0.939338579770493,24.1799999999997,0.0,2.0,0.7,1.4,0,0,1,0
1222607,-14.978245307016,0.275034147943816,29.2999999999997,-15.822245307016,-0.939338579770493,27.1999999999997,0.0,2.0,0.7,1.4,0,0,1,0
1222713,-14.978245307016,0.275034147943816,32.3199999999997,-15.822245307016,-0.939338579770493,30.2199999999997,0.0,2.0,0.7,1.4,0,0,1,0
1392094,-12.5279400005461,6.81707923769243,2.11999999999992,-13.3719400005462,5.60270650997812,0.019999999999922,0.0,2.0,0.7,1.4,0,0,1,0
2833720,-12.5229400005462,6.81707923769243,5.13999999999967,-13.3669400005462,5.60270650997812,3.03999999999967,0.0,2.0,0.7,1.4,0,0,1,0
