host,target
1107568,1511307
418055,726571
1107543,820351
1079196,1511291
3912252,726916
1107481,2617222
1079423,727633
1079394,1222265
1107658,728488
1107751,685601
1079448,820203
1079111,820055
1107788,728821
1079584,2617220
1002781,341139
1107849,1806826
1079423,727632
1107579,1222583
1395425,1392086
1107518,728105
1395425,1507979
1400225,2833718
1079423,727626
1107698,728582
1079646,820343
1079196,727294
1079188,988592
1107878,1807061
1079046,727054
1079386,1511297
1400224,2389485
1400224,1218982
1400224,1218975
3912238,726810
1400227,725300
1079386,681661
1107878,730158
1079394,1222273
1400225,2833713
1107849,1223271
1107751,988622
3912252,679288
418636,726677
1079049,680076
1079086,727149
1395439,1509219
1107759,1222889
1400224,2833757
1107751,728828
1107903,688321
1079592,727772
1107698,728583
1079046,727049
1079185,727287
1107751,685599
1107579,1222592
1107878,730152
1107813,820639
1121338,921401
1400224,1218984
1121338,921406
1107788,728827
1107518,728110
1079196,1222159
1107849,686285
1107838,1806826
1400225,2833757
1002781,818443
1107748,728728
1107878,730153
1107903,865023
1107608,728343
1079394,1222274
1107669,1511311
1107658,728483
1079621,1511301
1079581,727772
418636,988582
1107759,2389669
1079250,680874
1107568,728250
1107658,1511311
1107788,728822
1079086,727154
1079386,681659
1107748,1511315
3911870,726916
1107669,1222696
1107489,1511303
1079225,727387
1107788,728828
1107669,2389667
1107669,1222697
1400227,725295
1079584,682447
1079049,1511289
3912254,726816
483293,726676
1079188,680864
1079423,1511297
3913234,819981
1079448,681662
1079086,727148
1079383,727532
1079394,1222359
1079188,727394
1107478,728004
1079046,1511287
1107669,728489
1107489,1222484
1107698,728588
1079584,727872
1107481,683237
1107813,820573
1079057,1222053
1079049,680085
1107759,1222803
1107759,1222802
1107579,1511307
1107658,728489
1107661,988617
1107571,684023
1107759,1222795
1079581,727766
1107751,685600
1395425,1392087
1079448,820269
1079057,1511287
1107633,820425
1107518,1511305
1121338,1058162
1079188,680871
1400227,725301
1107571,728350
1079592,1222380
1079383,727533
1107838,686279
1395425,1392092
3913234,819978
1107723,820499
1079394,1511295
1079592,1222371
1079592,1222465
1107813,820570
1107669,1222689
1107751,1511317
1079584,682449
1079584,682448
3911870,726915
1079250,820129
1400225,2833712
1107579,1222590
1107608,728349
1107571,684024
1107481,683228
1107759,1222804
1079185,727288
1079386,2617218
1107723,684814
3912238,726809
418055,726577
1107661,684812
1107571,2617224
1079049,680083
1107571,1511309
483293,726671
1107481,1511305
1107571,684016
1107903,864704
1079225,727394
1079621,727871
1079086,727155
1395425,1392093
1107748,728722
1107661,684804
1079188,1511293
1107849,1223264
1002781,819113
1107751,685592
1079394,727533
1107481,988607
1079196,1222166
1079250,820195
1107579,728250
1079584,682440
1079188,2617216
1079621,727872
1107788,1511317
1107518,728104
1079185,727293
1107669,1222698
1107518,728111
1079111,820052
1107543,820348
1079592,1222379
1079057,1222147
1079111,680086
1079196,1222253
3911870,726910
1079646,820277
1400225,2833719
1395439,2283260
1079057,1222060
1121338,921407
1079196,1222168
1079111,820121
1079225,727393
1107669,1222783
1079621,727866
1107723,820565
1107661,684811
1107489,1222485
1107838,686285
1107838,686278
1107658,728482
3912252,679296
1079086,1511289
1107489,1222477
1107849,1223273
1079584,988602
1079592,1511299
3913234,820047
1079057,1222061
1107813,685602
3913234,679298
3912238,726815
1107838,686284
1107748,728721
483293,726670
1079188,680872
1079581,727765
1107543,820417
1107633,820422
483293,726677
1107903,864701
1107481,728111
1395439,1021039
1107723,820496
3911870,726909
1400227,1511277
1079185,1511291
1107568,728244
1107878,730159
1079386,681652
1079423,727627
1079386,988597
1079592,2389661
1107633,820491
1079581,1511299
1107568,728249
1079225,1511293
1079196,1222167
1107751,2617228
3912252,679295
1079383,727527
1107568,728243
1079185,727294
1079057,2389655
1107849,2618533
1400224,1218983
1079386,727633
3912238,726816
1079049,988587
3912252,679297
1107759,728728
1107608,728344
1107489,2389663
1002781,818446
1107748,728727
1107481,683236
1079046,727055
1079581,727771
418648,726577
1107571,684025
1079049,727155
1107489,1222486
1107661,684813
1079394,2389659
1400224,1219069
1107849,1223272
1107543,683238
1107759,1511315
1107489,1222571
1395439,1021045
1079250,820126
1107489,728011
3912252,987600
1079057,727055
1079383,727526
1107571,988612
1107478,728010
1107661,1511313
1107698,1511313
1079448,820200
418055,726576
1107608,728350
1400224,2833719
1079646,682450
1107633,684026
1079646,820274
1079196,2389657
1107478,728011
1107481,683235
418055,726570
1079383,1511295
1079046,727048
1400227,725294
1079394,1222272
1107849,1223358
1079188,680873
1079049,680084
1079584,1511301
1079225,727388
1107661,2617226
1079592,1222378
1107478,728005
1395439,1021040
1079057,1222062
1079049,2617214
1107579,1222677
1079621,727865
1107579,1222591
1107608,1511309
1107478,1511303
1107579,2389665
1079386,681660
1107661,728589
1107698,728589
