id,area,level,name,perimeter,unbounded_height,classification
418043,10.324971109933305,מ' 26 בניין 3- קומה 2,ח.שינה 3,1289.9980413514108,243.84,space
418046,10.32497110988126,מ' 26 בניין 3- קומה 2,ח.שינה 4,1289.9980413478902,243.84,space
418049,3.0306875582311306,מ' 26 בניין 3- קומה 2,ח.שירות,701.0564591265921,243.84,space
418055,9.700737225648917,מ' 26 בניין 3- קומה 2,SR,1261.3446247865745,243.84,space
418636,9.664503954724195,מ' 26 בניין 3- קומה 2,SR,1282.0610612940054,243.84,space
418639,11.167372579221588,מ' 26 בניין 3- קומה 2,ח.שינה 1,1362.8890372539802,243.84,space
418642,3.4253248152044007,מ' 26 בניין 3- קומה 2,ח.שירות,770.6646624010336,243.84,space
418645,11.163697624338425,מ' 26 בניין 3- קומה 2,ח.שינה 1,1362.3502870273655,243.84,space
418648,9.661353954723689,מ' 26 בניין 3- קומה 2,SR,1272.0610612939752,243.84,space
419210,0.9077731736091098,מ' 26 בניין 3- קומה 2,מטבח,421.11708157673417,243.84,space
419219,8.460599082253543,מ' 26 בניין 3- קומה 2,מטבח,1209.1453711139561,243.84,space
419727,18.010755891617457,מ' 26 בניין 3- קומה 2,ח.דיור,1711.944962895287,243.84,space
419730,8.460599082253362,מ' 26 בניין 3- קומה 2,מטבח,1209.1453711139432,243.84,space
419826,3.4300000000001205,מ' 26 בניין 3- קומה 2,ח.שירות,770.000000000005,243.84,space
458524,14.104532671415539,מ' 26 בניין 3- קומה 13,ח.שינה 3,1707.847122269056,243.84,space
458527,16.684586445008946,מ' 26 בניין 3- קומה 13,ח.שינה 1,1649.9999999999984,243.84,space
458912,9.545340638355007,מ' 26 בניין 3- קומה 13,SR,1259.1804809419805,243.84,space
479960,13.895976678795108,מ' 26 בניין 3- קומה 2,ח.שינה 1,1680.6928758786444,243.84,space
482943,10.324971109933307,מ' 26 בניין 3- קומה 2,ח.שינה 3,1289.9980413514106,243.84,space
482946,13.895976678795105,מ' 26 בניין 3- קומה 2,ח.שינה 1,1680.6928758786444,243.84,space
483281,16.138872208511877,מ' 26 בניין 3- קומה 2,ח.דיור,1645.0367833025364,243.84,space
483287,10.324971109881245,מ' 26 בניין 3- קומה 2,ח.שינה 4,1289.9980413478902,243.84,space
483290,3.0306875582311044,מ' 26 בניין 3- קומה 2,ח.שירות,701.0564591265919,243.84,space
483293,9.700737225648918,מ' 26 בניין 3- קומה 2,SR,1261.3446247865747,243.84,space
775246,8.625020682665877,מ' 26 בניין 3- קומה 2,מטבח,1190.0019608240812,243.84,space
775522,9.100019917149979,מ' 26 בניין 3- קומה 2,מטבח,1228.0019608240796,243.84,space
775525,16.28530934932732,מ' 26 בניין 3- קומה 2,ח.דיור,1645.09220589777,243.84,space
775602,18.09232346502575,מ' 26 בניין 3- קומה 2,ח.דיור,1715.9751488795846,243.84,space
781715,11.005000000000026,מ' 26 בניין 3- קומה 13,ח.שינה 4,1330.0000000000011,243.84,space
781969,22.64420545986104,מ' 26 בניין 3- קומה 13,ח.דיור,2006.4029063777311,243.84,space
785678,10.33291767577632,מ' 26 בניין 3- קומה 13,ח.שינה 3,1290.536791578056,243.84,space
785681,10.332917675724262,מ' 26 בניין 3- קומה 13,ח.שינה 4,1290.536791574526,243.84,space
785684,14.84631644878801,מ' 26 בניין 3- קומה 13,ח.שינה 1,1669.5492357720357,243.84,space
785687,3.0306875582310813,מ' 26 בניין 3- קומה 13,ח.שירות,701.0564591265912,243.84,space
786151,11.322042329442333,מ' 26 בניין 3- קומה 13,מטבח,1352.0027666302171,243.84,space
786154,35.383470579251906,מ' 26 בניין 3- קומה 13,ח.דיור,2702.708083305259,243.84,space
909462,11.613000000000033,מ' 26 בניין 3- קומה 13,מטבח,1370.0000000000014,243.84,space
1002454,11.009999999999993,מ' 26 בניין 3- קומה 2,ח.שינה 1,1333.999999999999,243.84,space
1002781,10.360000000000005,מ' 26 בניין 3- קומה 2,SR,1300.0000000000002,243.84,space
1003894,8.218672284504802,מ' 26 בניין 3- קומה 2,מטבח,1209.7552434078893,243.84,space
1003897,3.3710719270631007,מ' 26 בניין 3- קומה 2,ח.שירות,740.8044416166957,243.84,space
1003905,17.52665789509768,מ' 26 בניין 3- קומה 2,ח.דיור,1695.2600297595154,243.84,space
1004065,3.395441991740209,מ' 26 בניין 3- קומה 2,ח. אמבטיה,777.9119722351232,243.84,space
1079040,10.324971109933305,מ' 26 בניין 3- קומה 4,ח.שינה 3,1289.9980413514108,243.84,space
1079042,10.32497110988126,מ' 26 בניין 3- קומה 4,ח.שינה 4,1289.9980413478902,243.84,space
1079044,3.0306875582311306,מ' 26 בניין 3- קומה 4,ח.שירות,701.0564591265921,243.84,space
1079046,9.700737225648917,מ' 26 בניין 3- קומה 4,SR,1261.3446247865745,243.84,space
1079049,9.664503954723841,מ' 26 בניין 3- קומה 4,SR,1282.0610612940052,243.84,space
1079051,11.167372579221588,מ' 26 בניין 3- קומה 4,ח. שינה 1,1362.8890372539802,243.84,space
1079053,3.4253248152044007,מ' 26 בניין 3- קומה 4,ח.שירות,770.6646624010336,243.84,space
1079055,11.16369762433842,מ' 26 בניין 3- קומה 4,ח. שינה 1,1362.350287027366,243.84,space
1079057,9.661353954723689,מ' 26 בניין 3- קומה 4,SR,1272.0610612939752,243.84,space
1079061,0.9077731736091098,מ' 26 בניין 3- קומה 4,מטבח,421.11708157673417,243.84,space
1079062,9.93326618817189,מ' 26 בניין 3- קומה 4,מטבח,1285.7325631442748,243.84,space
1079067,9.825481383629624,מ' 26 בניין 3- קומה 4,ח.דיור,1316.0823731372266,243.84,space
1079069,16.166015374392018,מ' 26 בניין 3- קומה 4,מטבח,1629.0079608720152,243.84,space
1079071,3.4300000000001205,מ' 26 בניין 3- קומה 4,ח.שירות,770.000000000005,243.84,space
1079073,13.895976678795115,מ' 26 בניין 3- קומה 4,ח.שינה 1,1680.6928758786444,243.84,space
1079075,10.324971109933307,מ' 26 בניין 3- קומה 4,ח.שינה 3,1289.9980413514106,243.84,space
1079077,13.895976678795105,מ' 26 בניין 3- קומה 4,ח.שינה 1,1680.6928758786444,243.84,space
1079081,28.0096151430914,מ' 26 בניין 3- קומה 4,ח.דיור,3576.1198281484417,243.84,space
1079082,10.324971109881245,מ' 26 בניין 3- קומה 4,ח.שינה 4,1289.9980413478902,243.84,space
1079084,3.0306875582311044,מ' 26 בניין 3- קומה 4,ח.שירות,701.0564591265919,243.84,space
1079086,9.700737225648918,מ' 26 בניין 3- קומה 4,SR,1261.3446247865747,243.84,space
1079098,10.255621560786366,מ' 26 בניין 3- קומה 4,מטבח,1296.3383537044278,243.84,space
1079103,10.320317508967765,מ' 26 בניין 3- קומה 4,מטבח,1299.799603477782,243.84,space
1079105,27.502270209134767,מ' 26 בניין 3- קומה 4,ח.דיור,3527.2982299480727,243.84,space
1079107,15.956336293188551,מ' 26 בניין 3- קומה 4,ח.דיור,1598.9669831236167,243.84,space
1079109,11.009999999999993,מ' 26 בניין 3- קומה 4,ח. שינה 1,1333.9999999999993,243.84,space
1079111,10.360000000000005,מ' 26 בניין 3- קומה 4,SR,1300.0000000000002,243.84,space
1079116,8.624126943033872,מ' 26 בניין 3- קומה 4,מטבח,1216.7230400000008,243.84,space
1079118,2.5175367076525728,מ' 26 בניין 3- קומה 4,מ.שירות,635.6835906697495,243.84,space
1079120,14.087676138991103,מ' 26 בניין 3- קומה 4,ח.דיור,1501.449183202959,243.84,space
1079123,7.2370670194814455,מ' 26 בניין 3- קומה 4,פ. אוכל,1087.3406251854,243.84,space
1079179,10.324971109933305,מ' 26 בניין 3- קומה 5,ח.שינה 3,1289.9980413514108,243.84,space
1079181,10.32497110988126,מ' 26 בניין 3- קומה 5,ח.שינה 4,1289.9980413478902,243.84,space
1079183,3.0306875582311306,מ' 26 בניין 3- קומה 5,ח.שירות,701.0564591265921,243.84,space
1079185,9.700737225648917,מ' 26 בניין 3- קומה 5,SR,1261.3446247865745,243.84,space
1079188,9.664503954723841,מ' 26 בניין 3- קומה 5,SR,1282.0610612940052,243.84,space
1079190,11.167372579221588,מ' 26 בניין 3- קומה 5,ח.שינה 1,1362.8890372539806,243.84,space
1079192,3.4253248152044007,מ' 26 בניין 3- קומה 5,ח.שירות,770.6646624010336,243.84,space
1079194,11.163697624338425,מ' 26 בניין 3- קומה 5,ח.שינה 1,1362.350287027366,243.84,space
1079196,9.661353954723689,מ' 26 בניין 3- קומה 5,SR,1272.0610612939752,243.84,space
1079200,0.9077731736091098,מ' 26 בניין 3- קומה 5,מטבח,421.11708157673417,243.84,space
1079201,9.93326618817189,מ' 26 בניין 3- קומה 5,מטבח,1285.7325631442748,243.84,space
1079206,10.251458240789356,מ' 26 בניין 3- קומה 5,ח.דיור,1316.0823731372273,243.84,space
1079208,16.166015374392018,מ' 26 בניין 3- קומה 5,מטבח,1629.0079608720152,243.84,space
1079210,3.4300000000001205,מ' 26 בניין 3- קומה 5,ח.שירות,770.000000000005,243.84,space
1079212,13.895976678795115,מ' 26 בניין 3- קומה 5,ח.שינה 1,1680.6928758786444,243.84,space
1079214,10.324971109933307,מ' 26 בניין 3- קומה 5,ח.שינה 3,1289.9980413514106,243.84,space
1079216,13.895976678795105,מ' 26 בניין 3- קומה 5,ח.שינה 1,1680.6928758786444,243.84,space
1079220,15.755716712223778,מ' 26 בניין 3- קומה 5,ח.דיור,1596.406594680719,243.84,space
1079221,10.324971109881245,מ' 26 בניין 3- קומה 5,ח.שינה 4,1289.9980413478902,243.84,space
1079223,3.0306875582311044,מ' 26 בניין 3- קומה 5,ח.שירות,701.0564591265919,243.84,space
1079225,9.700737225648918,מ' 26 בניין 3- קומה 5,SR,1261.3446247865747,243.84,space
1079237,10.294999376890624,מ' 26 בניין 3- קומה 5,מטבח,1309.3642450831271,243.84,space
1079242,10.320317508967747,מ' 26 בניין 3- קומה 5,מטבח,1298.5226434777808,243.84,space
1079244,15.688766470863307,מ' 26 בניין 3- קומה 5,ח.דיור,1592.9453449073662,243.84,space
1079246,16.175819681546955,מ' 26 בניין 3- קומה 5,ח.דיור,1612.1410235864082,243.84,space
1079248,11.009999999999993,מ' 26 בניין 3- קומה 5,ח.שינה 1,1333.9999999999993,243.84,space
1079250,10.360000000000005,מ' 26 בניין 3- קומה 5,SR,1300.0000000000002,243.84,space
1079255,8.624126943033872,מ' 26 בניין 3- קומה 5,מטבח,1216.7230400000008,243.84,space
1079259,14.087676138991105,מ' 26 בניין 3- קומה 5,ח.דיור,1501.449183202959,243.84,space
1079262,3.907433825069394,מ' 26 בניין 3- קומה 5,פ. אוכל,833.355144763706,243.84,space
1079377,10.324971109933305,מ' 26 בניין 3- קומה 6,ח.שינה 3,1289.9980413514108,243.84,space
1079379,10.32497110988126,מ' 26 בניין 3- קומה 6,ח.שינה 4,1289.9980413478902,243.84,space
1079381,3.0306875582311306,מ' 26 בניין 3- קומה 6,ח.שירות,701.0564591265921,243.84,space
1079383,9.700737225648917,מ' 26 בניין 3- קומה 6,SR,1261.3446247865745,243.84,space
1079386,9.664503954723841,מ' 26 בניין 3- קומה 6,SR,1282.0610612940052,243.84,space
1079388,11.167372579221588,מ' 26 בניין 3- קומה 6,ח. שינה 1,1362.8890372539806,243.84,space
1079390,3.4253248152044007,מ' 26 בניין 3- קומה 6,ח.שירות,770.6646624010336,243.84,space
1079392,11.163697624338425,מ' 26 בניין 3- קומה 6,ח. שינה 1,1362.350287027366,243.84,space
1079394,9.661353954723689,מ' 26 בניין 3- קומה 6,SR,1272.0610612939752,243.84,space
1079398,0.9077731736091098,מ' 26 בניין 3- קומה 6,מטבח,421.11708157673417,243.84,space
1079399,9.93326618817189,מ' 26 בניין 3- קומה 6,מטבח,1285.7325631442748,243.84,space
1079408,3.4300000000001205,מ' 26 בניין 3- קומה 6,ח.שירות,770.000000000005,243.84,space
1079410,13.895976678795115,מ' 26 בניין 3- קומה 6,ח.שינה 1,1680.6928758786444,243.84,space
1079412,10.324971109933307,מ' 26 בניין 3- קומה 6,ח.שינה 3,1289.9980413514106,243.84,space
1079414,13.895976678795105,מ' 26 בניין 3- קומה 6,ח.שינה 1,1680.6928758786444,243.84,space
1079418,15.755716712223778,מ' 26 בניין 3- קומה 6,ח.דיור,1596.406594680719,243.84,space
1079419,10.324971109881245,מ' 26 בניין 3- קומה 6,ח.שינה 4,1289.9980413478902,243.84,space
1079421,3.0306875582311044,מ' 26 בניין 3- קומה 6,ח.שירות,701.0564591265919,243.84,space
1079423,9.700737225648918,מ' 26 בניין 3- קומה 6,SR,1261.3446247865747,243.84,space
1079435,10.61297280737798,מ' 26 בניין 3- קומה 6,מטבח,1322.3901364618262,243.84,space
1079440,10.32031750896776,מ' 26 בניין 3- קומה 6,מטבח,1299.799603477782,243.84,space
1079442,27.11065564507286,מ' 26 בניין 3- קומה 6,ח.דיור,3487.167621620064,243.84,space
1079444,16.175819681546958,מ' 26 בניין 3- קומה 6,ח.דיור,1612.1410235864082,243.84,space
1079446,11.009999999999993,מ' 26 בניין 3- קומה 6,ח. שינה 1,1333.9999999999993,243.84,space
1079448,10.360000000000005,מ' 26 בניין 3- קומה 6,SR,1300.0000000000002,243.84,space
1079453,8.624126943033872,מ' 26 בניין 3- קומה 6,מטבח,1216.7230400000008,243.84,space
1079457,14.087676138991103,מ' 26 בניין 3- קומה 6,ח.דיור,1501.449183202959,243.84,space
1079460,7.2370670194814455,מ' 26 בניין 3- קומה 6,פ.אוכל,1087.3406251854,243.84,space
1079575,10.324971109933305,מ' 26 בניין 3- קומה 7,ח.שינה 3,1289.9980413514108,243.84,space
1079577,10.32497110988126,מ' 26 בניין 3- קומה 7,ח.שינה 4,1289.9980413478902,243.84,space
1079579,3.0306875582311306,מ' 26 בניין 3- קומה 7,ח.שירות,701.0564591265921,243.84,space
1079581,9.700737225648917,מ' 26 בניין 3- קומה 7,SR,1261.3446247865745,243.84,space
1079584,9.664503954723841,מ' 26 בניין 3- קומה 7,SR,1282.0610612940052,243.84,space
1079586,11.167372579221588,מ' 26 בניין 3- קומה 7,ח.שינה 1,1362.8890372539806,243.84,space
1079588,3.4253248152044002,מ' 26 בניין 3- קומה 7,ח.שירות,770.6646624010336,243.84,space
1079590,11.163697624338425,מ' 26 בניין 3- קומה 7,ח.שינה 1,1362.350287027366,243.84,space
1079592,9.661353954723689,מ' 26 בניין 3- קומה 7,SR,1272.0610612939752,243.84,space
1079596,0.937609829702737,מ' 26 בניין 3- קומה 7,מטבח,430.98191351003084,243.84,space
1079597,9.93326618817189,מ' 26 בניין 3- קומה 7,מטבח,1285.7325631442748,243.84,space
1079602,12.54440675942536,מ' 26 בניין 3- קומה 7,ח.דיור,1421.5269484096611,243.84,space
1079606,3.4300000000001205,מ' 26 בניין 3- קומה 7,ח.שירות,770.0000000000051,243.84,space
1079608,13.895976678795115,מ' 26 בניין 3- קומה 7,ח.שינה 1,1680.6928758786444,243.84,space
1079610,10.324971109933307,מ' 26 בניין 3- קומה 7,ח.שינה 3,1289.9980413514106,243.84,space
1079612,13.895976678795105,מ' 26 בניין 3- קומה 7,ח.שינה 1,1680.6928758786444,243.84,space
1079616,15.755716712223784,מ' 26 בניין 3- קומה 7,ח.דיור,1596.406594680719,243.84,space
1079617,10.324971109881245,מ' 26 בניין 3- קומה 7,ח.שינה 4,1289.9980413478902,243.84,space
1079619,3.0306875582311044,מ' 26 בניין 3- קומה 7,ח.שירות,701.0564591265919,243.84,space
1079621,9.700737225648918,מ' 26 בניין 3- קומה 7,SR,1261.3446247865747,243.84,space
1079633,10.61297280737798,מ' 26 בניין 3- קומה 7,מטבח,1322.3901364618262,243.84,space
1079638,10.32031750896776,מ' 26 בניין 3- קומה 7,מטבח,1299.7996034777818,243.84,space
1079640,23.285323423404716,מ' 26 בניין 3- קומה 7,ח.דיור,3095.1676216200644,243.84,space
1079642,16.175819681546955,מ' 26 בניין 3- קומה 7,ח.דיור,1612.1410235864082,243.84,space
1079644,11.009999999999993,מ' 26 בניין 3- קומה 7,ח.שינה 1,1333.9999999999993,243.84,space
1079646,10.360000000000005,מ' 26 בניין 3- קומה 7,SR,1300.0000000000002,243.84,space
1079651,8.624126943033872,מ' 26 בניין 3- קומה 7,מטבח,1216.7230400000008,243.84,space
1079653,3.3631702542184527,מ' 26 בניין 3- קומה 7,מ.שירות,740.8044416166957,243.84,space
1079655,14.087676138991103,מ' 26 בניין 3- קומה 7,ח.דיור,1501.449183202959,243.84,space
1079658,7.2370670194814455,מ' 26 בניין 3- קומה 7,פ.אוכל,1087.3406251854,243.84,space
1107472,10.324971109933305,מ' 26 בניין 3- קומה 8,ח.שינה 3,1289.9980413514108,243.84,space
1107474,10.32497110988126,מ' 26 בניין 3- קומה 8,ח.שינה 4,1289.9980413478902,243.84,space
1107476,3.0306875582311306,מ' 26 בניין 3- קומה 8,ח.שירות,701.0564591265921,243.84,space
1107478,9.700737225648917,מ' 26 בניין 3- קומה 8,SR,1261.3446247865745,243.84,space
1107481,9.664503954723841,מ' 26 בניין 3- קומה 8,SR,1282.0610612940052,243.84,space
1107483,11.167372579221588,מ' 26 בניין 3- קומה 8,ח.שינה 1,1362.8890372539802,243.84,space
1107485,3.4253248152044002,מ' 26 בניין 3- קומה 8,ח.שירות,770.6646624010336,243.84,space
1107487,11.163697624338425,מ' 26 בניין 3- קומה 8,ח.שינה 1,1362.350287027366,243.84,space
1107489,9.661353954723689,מ' 26 בניין 3- קומה 8,SR,1272.0610612939752,243.84,space
1107493,0.937609829702737,מ' 26 בניין 3- קומה 8,מטבח,430.98191351003084,243.84,space
1107494,9.93326618817189,מ' 26 בניין 3- קומה 8,מטבח,1285.7325631442748,243.84,space
1107499,10.251458240789336,מ' 26 בניין 3- קומה 8,ח.דיור,1316.0823731372273,243.84,space
1107501,16.166015374392018,מ' 26 בניין 3- קומה 8,מטבח,1629.0079608720152,243.84,space
1107503,3.4300000000001205,מ' 26 בניין 3- קומה 8,ח.שירות,770.0000000000051,243.84,space
1107505,13.895976678795105,מ' 26 בניין 3- קומה 8,ח.שינה 1,1680.6928758786444,243.84,space
1107507,10.324971109933307,מ' 26 בניין 3- קומה 8,ח.שינה 3,1289.9980413514106,243.84,space
1107509,13.895976678795105,מ' 26 בניין 3- קומה 8,ח.שינה 1,1680.6928758786444,243.84,space
1107513,15.523603184182322,מ' 26 בניין 3- קומה 8,ח.דיור,1584.4065946807193,243.84,space
1107514,10.324971109881245,מ' 26 בניין 3- קומה 8,ח.שינה 4,1289.9980413478902,243.84,space
1107516,3.0306875582311044,מ' 26 בניין 3- קומה 8,ח.שירות,701.0564591265919,243.84,space
1107518,9.700737225648918,מ' 26 בניין 3- קומה 8,SR,1261.3446247865747,243.84,space
1107530,10.51586282063915,מ' 26 בניין 3- קומה 8,מטבח,1321.3642450831271,243.84,space
1107535,10.35069953395823,מ' 26 בניין 3- קומה 8,מטבח,1312.8254948564854,243.84,space
1107537,15.688766470863303,מ' 26 בניין 3- קומה 8,ח.דיור,1592.9453449073662,243.84,space
1107539,16.175819681546958,מ' 26 בניין 3- קומה 8,ח.דיור,1612.1410235864082,243.84,space
1107541,11.009999999999993,מ' 26 בניין 3- קומה 8,ח. שינה 1,1333.9999999999993,243.84,space
1107543,10.360000000000005,מ' 26 בניין 3- קומה 8,SR,1300.0000000000002,243.84,space
1107548,8.624126943033872,מ' 26 בניין 3- קומה 8,מטבח,1216.7230400000008,243.84,space
1107550,3.3631702542184527,מ' 26 בניין 3- קומה 8,מ.שירות,740.8044416166957,243.84,space
1107552,14.087676138991103,מ' 26 בניין 3- קומה 8,ח.דיור,1501.449183202959,243.84,space
1107555,7.2370670194814455,מ' 26 בניין 3- קומה 8,פ.אוכל,1087.3406251854,243.84,space
1107562,10.324971109933305,מ' 26 בניין 3- קומה 9,ח.שינה 3,1289.9980413514108,243.84,space
1107564,10.32497110988126,מ' 26 בניין 3- קומה 9,ח.שינה 4,1289.9980413478902,243.84,space
1107566,3.0306875582311306,מ' 26 בניין 3- קומה 9,ח.שירות,701.0564591265921,243.84,space
1107568,9.700737225648917,מ' 26 בניין 3- קומה 9,SR,1261.3446247865745,243.84,space
1107571,9.664503954723841,מ' 26 בניין 3- קומה 9,SR,1282.0610612940052,243.84,space
1107573,11.167372579221588,מ' 26 בניין 3- קומה 9,ח.שינה 1,1362.8890372539806,243.84,space
1107575,3.4253248152044002,מ' 26 בניין 3- קומה 9,ח.שירות,770.6646624010336,243.84,space
1107577,11.163697624338425,מ' 26 בניין 3- קומה 9,ח.שינה 1,1362.350287027366,243.84,space
1107579,9.661353954723689,מ' 26 בניין 3- קומה 9,SR,1272.0610612939752,243.84,space
1107583,0.937609829702737,מ' 26 בניין 3- קומה 9,מטבח,430.98191351003084,243.84,space
1107584,9.93326618817189,מ' 26 בניין 3- קומה 9,מטבח,1285.7325631442748,243.84,space
1107589,10.251458240789356,מ' 26 בניין 3- קומה 9,ח.דיור,1316.0823731372273,243.84,space
1107591,16.166015374392018,מ' 26 בניין 3- קומה 9,מטבח,1629.0079608720152,243.84,space
1107593,3.4300000000001205,מ' 26 בניין 3- קומה 9,ח.שירות,770.0000000000051,243.84,space
1107595,13.895976678795115,מ' 26 בניין 3- קומה 9,ח.שינה 1,1680.6928758786444,243.84,space
1107597,10.324971109933307,מ' 26 בניין 3- קומה 9,ח.שינה 3,1289.9980413514106,243.84,space
1107599,13.895976678795105,מ' 26 בניין 3- קומה 9,ח.שינה 1,1680.6928758786444,243.84,space
1107603,15.755716712223778,מ' 26 בניין 3- קומה 9,ח.דיור,1596.406594680719,243.84,space
1107604,10.324971109881245,מ' 26 בניין 3- קומה 9,ח.שינה 4,1289.9980413478902,243.84,space
1107606,3.0306875582311044,מ' 26 בניין 3- קומה 9,ח.שירות,701.0564591265919,243.84,space
1107608,9.700737225648918,מ' 26 בניין 3- קומה 9,SR,1261.3446247865747,243.84,space
1107620,10.61297280737798,מ' 26 בניין 3- קומה 9,מטבח,1322.3901364618262,243.84,space
1107625,10.67992304873862,מ' 26 בניין 3- קומה 9,מטבח,1325.8513862351892,243.84,space
1107627,15.688766470863303,מ' 26 בניין 3- קומה 9,ח.דיור,1592.9453449073662,243.84,space
1107629,16.175819681546958,מ' 26 בניין 3- קומה 9,ח.דיור,1612.1410235864082,243.84,space
1107631,11.009999999999993,מ' 26 בניין 3- קומה 9,ח.שינה 1,1333.9999999999993,243.84,space
1107633,10.360000000000005,מ' 26 בניין 3- קומה 9,SR,1300.0000000000002,243.84,space
1107638,8.624126943033872,מ' 26 בניין 3- קומה 9,מטבח,1216.7230400000008,243.84,space
1107640,3.3631702542184527,מ' 26 בניין 3- קומה 9,מ.שירות,740.8044416166957,243.84,space
1107642,14.087676138991103,מ' 26 בניין 3- קומה 9,ח.דיור,1501.449183202959,243.84,space
1107645,7.2370670194814455,מ' 26 בניין 3- קומה 9,פ.אוכל,1087.3406251854,243.84,space
1107652,10.324971109933305,מ' 26 בניין 3- קומה 10,ח.שינה 3,1289.9980413514108,243.84,space
1107654,10.32497110988126,מ' 26 בניין 3- קומה 10,ח.שינה 4,1289.9980413478902,243.84,space
1107656,3.0306875582311306,מ' 26 בניין 3- קומה 10,ח.שירות,701.0564591265921,243.84,space
1107658,9.700737225648917,מ' 26 בניין 3- קומה 10,SR,1261.3446247865745,243.84,space
1107661,9.664503954723841,מ' 26 בניין 3- קומה 10,SR,1282.0610612940052,243.84,space
1107663,11.167372579221588,מ' 26 בניין 3- קומה 10,ח.שינה 1,1362.8890372539806,243.84,space
1107665,3.4253248152044002,מ' 26 בניין 3- קומה 10,ח.שירות,770.6646624010336,243.84,space
1107667,11.163697624338425,מ' 26 בניין 3- קומה 10,ח.שינה 1,1362.350287027366,243.84,space
1107669,9.661353954723689,מ' 26 בניין 3- קומה 10,SR,1272.0610612939752,243.84,space
1107673,0.937609829702737,מ' 26 בניין 3- קומה 10,מטבח,430.98191351003084,243.84,space
1107674,9.93326618817189,מ' 26 בניין 3- קומה 10,מטבח,1285.7325631442748,243.84,space
1107679,10.251458240789336,מ' 26 בניין 3- קומה 10,ח.דיור,1316.0823731372273,243.84,space
1107681,16.166015374392018,מ' 26 בניין 3- קומה 10,מטבח,1629.0079608720152,243.84,space
1107683,3.4300000000001205,מ' 26 בניין 3- קומה 10,ח.שירות,770.0000000000051,243.84,space
1107685,13.895976678795105,מ' 26 בניין 3- קומה 10,ח.שינה 1,1680.6928758786444,243.84,space
1107687,10.324971109933307,מ' 26 בניין 3- קומה 10,ח.שינה 3,1289.9980413514106,243.84,space
1107689,13.895976678795105,מ' 26 בניין 3- קומה 10,ח.שינה 1,1680.6928758786444,243.84,space
1107693,15.755716712223778,מ' 26 בניין 3- קומה 10,ח.דיור,1596.406594680719,243.84,space
1107694,10.324971109881245,מ' 26 בניין 3- קומה 10,ח.שינה 4,1289.9980413478902,243.84,space
1107696,3.0306875582311044,מ' 26 בניין 3- קומה 10,ח.שירות,701.0564591265919,243.84,space
1107698,9.700737225648918,מ' 26 בניין 3- קומה 10,SR,1261.3446247865747,243.84,space
1107710,10.61297280737798,מ' 26 בניין 3- קומה 10,מטבח,1322.3901364618262,243.84,space
1107715,10.67992304873862,מ' 26 בניין 3- קומה 10,מטבח,1325.8513862351892,243.84,space
1107717,15.688766470863303,מ' 26 בניין 3- קומה 10,ח.דיור,1592.9453449073662,243.84,space
1107719,16.175819681546958,מ' 26 בניין 3- קומה 10,ח.דיור,1612.1410235864082,243.84,space
1107721,11.009999999999993,מ' 26 בניין 3- קומה 10,ח.שינה 1,1333.9999999999993,243.84,space
1107723,10.360000000000005,מ' 26 בניין 3- קומה 10,SR,1300.0000000000002,243.84,space
1107728,8.624126943033872,מ' 26 בניין 3- קומה 10,מטבח,1216.7230400000008,243.84,space
1107730,3.3631702542184527,מ' 26 בניין 3- קומה 10,מ.שירות,740.8044416166957,243.84,space
1107732,14.087676138991103,מ' 26 בניין 3- קומה 10,ח.דיור,1501.449183202959,243.84,space
1107735,7.236618819989916,מ' 26 בניין 3- קומה 10,פ.אוכל,1372.5765135737586,243.84,space
1107742,10.324971109933305,מ' 26 בניין 3- קומה 11,ח.שינה 3,1289.9980413514108,243.84,space
1107744,10.32497110988126,מ' 26 בניין 3- קומה 11,ח.שינה 4,1289.9980413478902,243.84,space
1107746,3.0306875582311306,מ' 26 בניין 3- קומה 11,ח.שירות,701.0564591265921,243.84,space
1107748,9.700737225648917,מ' 26 בניין 3- קומה 11,SR,1261.3446247865745,243.84,space
1107751,9.664503954723841,מ' 26 בניין 3- קומה 11,SR,1282.0610612940052,243.84,space
1107753,11.167372579221588,מ' 26 בניין 3- קומה 11,ח.שינה 1,1362.8890372539806,243.84,space
1107755,3.4253248152044002,מ' 26 בניין 3- קומה 11,ח.שירות,770.6646624010336,243.84,space
1107757,11.16369762433842,מ' 26 בניין 3- קומה 11,ח.שינה 1,1362.350287027366,243.84,space
1107759,9.661353954723689,מ' 26 בניין 3- קומה 11,SR,1272.0610612939752,243.84,space
1107763,0.937609829702737,מ' 26 בניין 3- קומה 11,מטבח,430.98191351003084,243.84,space
1107764,9.93326618817189,מ' 26 בניין 3- קומה 11,מטבח,1285.7325631442748,243.84,space
1107769,10.251458240789336,מ' 26 בניין 3- קומה 11,ח.דיור,1316.082373137227,243.84,space
1107771,16.219896733081473,מ' 26 בניין 3- קומה 11,מטבח,1645.4289345976824,243.84,space
1107773,3.4300000000001205,מ' 26 בניין 3- קומה 11,ח.שירות,770.0000000000051,243.84,space
1107775,13.895976678795115,מ' 26 בניין 3- קומה 11,ח.שינה 1,1680.6928758786444,243.84,space
1107777,10.324971109933307,מ' 26 בניין 3- קומה 11,ח.שינה 3,1289.9980413514106,243.84,space
1107779,13.895976678795105,מ' 26 בניין 3- קומה 11,ח.שינה 1,1680.6928758786444,243.84,space
1107783,15.755716712223778,מ' 26 בניין 3- קומה 11,ח.דיור,1596.406594680719,243.84,space
1107784,10.324971109881245,מ' 26 בניין 3- קומה 11,ח.שינה 4,1289.9980413478902,243.84,space
1107786,3.0306875582311044,מ' 26 בניין 3- קומה 11,ח.שירות,701.0564591265919,243.84,space
1107788,9.700737225648918,מ' 26 בניין 3- קומה 11,SR,1261.3446247865747,243.84,space
1107800,10.612972807377984,מ' 26 בניין 3- קומה 11,מטבח,1322.3901364618262,243.84,space
1107805,10.67992304873862,מ' 26 בניין 3- קומה 11,מטבח,1325.8513862351892,243.84,space
1107807,15.688766470863303,מ' 26 בניין 3- קומה 11,ח.דיור,1592.9453449073662,243.84,space
1107809,16.175819681546955,מ' 26 בניין 3- קומה 11,ח.דיור,1612.1410235864082,243.84,space
1107811,11.009999999999993,מ' 26 בניין 3- קומה 11,ח.שינה 1,1333.9999999999993,243.84,space
1107813,10.360000000000005,מ' 26 בניין 3- קומה 11,SR,1300.0000000000002,243.84,space
1107818,8.624126943033872,מ' 26 בניין 3- קומה 11,מטבח,1216.7230400000008,243.84,space
1107820,3.3631702542184527,מ' 26 בניין 3- קומה 11,מ.שירות,740.8044416166957,243.84,space
1107822,14.087676138991103,מ' 26 בניין 3- קומה 11,ח.דיור,1501.449183202959,243.84,space
1107825,7.2370670194814455,מ' 26 בניין 3- קומה 11,פ. אוכל,1087.3406251854,243.84,space
1107832,10.332917675776265,מ' 26 בניין 3- קומה 12,ח.שינה 3,1290.5367915780523,243.84,space
1107834,10.332917675724211,מ' 26 בניין 3- קומה 12,ח.שינה 4,1290.5367915745212,243.84,space
1107836,3.0306875582310857,מ' 26 בניין 3- קומה 12,ח.שירות,701.0564591265917,243.84,space
1107838,9.700737225648924,מ' 26 בניין 3- קומה 12,SR,1261.3446247865745,243.84,space
1107841,9.50611759429412,מ' 26 בניין 3- קומה 12,SR,1263.8012680572351,243.84,space
1107843,11.148220136089094,מ' 26 בניין 3- קומה 12,ח.שינה 1,1361.524327490163,243.84,space
1107845,3.42532481520441,מ' 26 בניין 3- קומה 12,ח.שירות,770.6646624010374,243.84,space
1107849,9.626597384848615,מ' 26 בניין 3- קומה 12,SR,1272.5998115206191,243.84,space
1107853,0.937609829702766,מ' 26 בניין 3- קומה 12,מטבח,430.9819135100345,243.84,space
1107854,9.933266188171629,מ' 26 בניין 3- קומה 12,מטבח,1285.7325631442593,243.84,space
1107859,10.251458240789283,מ' 26 בניין 3- קומה 12,ח.דיור,1316.0823731372234,243.84,space
1107863,3.4364011864131934,מ' 26 בניין 3- קומה 12,ח.שירות,770.8259595371859,243.84,space
1107865,13.897881922465157,מ' 26 בניין 3- קומה 12,ח.שינה 1,1680.6911554814883,243.84,space
1107867,10.33291767577626,מ' 26 בניין 3- קומה 12,ח.שינה 3,1290.536791578052,243.84,space
1107869,13.897881922465157,מ' 26 בניין 3- קומה 12,ח.שינה 1,1680.6911554814883,243.84,space
1107873,15.239402126571235,מ' 26 בניין 3- קומה 12,ח.דיור,1570.354811923326,243.84,space
1107874,10.332917675724195,מ' 26 בניין 3- קומה 12,ח.שינה 4,1290.5367915745217,243.84,space
1107876,3.0306875582310804,מ' 26 בניין 3- קומה 12,ח.שירות,701.0564591265912,243.84,space
1107878,9.700737225648929,מ' 26 בניין 3- קומה 12,SR,1261.3446247865747,243.84,space
1107890,10.255621560786341,מ' 26 בניין 3- קומה 12,מטבח,1296.3383537044265,243.84,space
1107895,10.330387558524402,מ' 26 בניין 3- קומה 12,מטבח,1300.3383537044253,243.84,space
1107897,15.164636128832706,מ' 26 בניין 3- קומה 12,ח.דיור,1566.3548119233192,243.84,space
1107899,16.175819681546837,מ' 26 בניין 3- קומה 12,ח.דיור,1612.1410235863993,243.84,space
1107901,11.01,מ' 26 בניין 3- קומה 12,ח.שינה 1,1333.9999999999989,243.84,space
1107903,10.304000000000043,מ' 26 בניין 3- קומה 12,SR,1296.0000000000025,243.84,space
1107908,8.34762470075036,מ' 26 בניין 3- קומה 12,מטבח,1169.1691200007906,243.84,space
1107912,13.871574684152906,מ' 26 בניין 3- קומה 12,ח.דיור,1489.7430399999973,243.84,space
1107915,7.696551765928403,מ' 26 בניין 3- קומה 12,פ. אוכל,1073.9389283883688,243.84,space
1121338,9.636182881769287,מ' 26 בניין 3- קומה 13,SR,1248.4640444345762,243.84,space
1226831,10.596767055154684,מ' 26 בניין 3- קומה 6,מטבח,1320.2384389852373,243.84,space
1226834,15.874587918716125,מ' 26 בניין 3- קומה 6,ח.דיור,1600.851895023993,243.84,space
1316032,16.219896733081534,מ' 26 בניין 3- קומה 12,מטבח,1645.4289345976854,243.84,space
1319184,310.7848054305945,מ' 26 בניין 3- קומת גג,ח.משאבות,12965.956324387504,243.84,space
1395425,9.711637178529122,מ' 26 בניין 3- קומת קרקע,SR,1261.3446247865782,266.4850479155059,space
1395427,17.9345071076117,מ' 26 בניין 3- קומת קרקע,מטבח,2790.60333544132,243.84,space
1395429,10.324971109932935,מ' 26 בניין 3- קומת קרקע,ח.שינה 3,1289.9980413513858,243.84,space
1395431,13.88817024961417,מ' 26 בניין 3- קומת קרקע,ח.שינה 1,1889.9546660861095,243.84,space
1395433,3.030687558231091,מ' 26 בניין 3- קומת קרקע,ח.שירות,701.0564591265918,243.84,space
1395435,10.324971109933339,מ' 26 בניין 3- קומת קרקע,ח.שינה 3,1289.9980413514131,243.84,space
1395437,10.324971109881622,מ' 26 בניין 3- קומת קרקע,ח.שינה 4,1289.998041347903,243.84,space
1395439,9.70084801646977,מ' 26 בניין 3- קומת קרקע,SR,1261.344624786575,243.84,space
1395441,3.0306875582310804,מ' 26 בניין 3- קומת קרקע,ח.שירות,701.0564591265912,243.84,space
1395443,22.909248104717054,מ' 26 בניין 3- קומת קרקע,ח.דיור,2474.721774893946,243.84,space
1395447,6.868603091310548,מ' 26 בניין 3- קומת קרקע,דואר,1105.8780845712315,243.84,space
1395449,23.40586660632296,מ' 26 בניין 3- קומת קרקע,מועדון דיירים,2111.523989169622,243.84,space
1395451,23.736217079691517,מ' 26 בניין 3- קומת קרקע,חדר מחזור אשפה,2129.2274669380095,243.84,space
1395453,9.735855468899986,מ' 26 בניין 3- קומת קרקע,ח.עגלות,1262.1962293606873,243.84,space
1395457,13.895976678773469,מ' 26 בניין 3- קומת קרקע,ח.שינה 1,1680.6928758773902,243.84,space
1395459,16.54150825938437,מ' 26 בניין 3- קומת קרקע,ח.דיור,1637.036783302566,243.84,space
1395463,23.920169708297202,מ' 26 בניין 3- קומת קרקע,מחסן אופניים,2656.584285609626,243.84,space
1400224,9.661353954723689,מ' 26 בניין 3- קומה 1,SR,1272.0610612939754,243.84,space
1400225,9.700737225648917,מ' 26 בניין 3- קומה 1,SR,1261.3446247865745,243.84,space
1400227,9.700737225648918,מ' 26 בניין 3- קומה 1,SR,1261.3446247865745,243.84,space
1400229,10.324971109881245,מ' 26 בניין 3- קומה 1,ח.שינה 4,1289.9980413478902,243.84,space
1400231,10.324971109933307,מ' 26 בניין 3- קומה 1,ח.שינה 3,1289.9980413514106,243.84,space
1400233,13.895976678795105,מ' 26 בניין 3- קומה 1,ח.שינה 1,1680.6928758786444,243.84,space
1400235,13.895976678795108,מ' 26 בניין 3- קומה 1,ח.שינה 1,1680.6928758786444,243.84,space
1400237,10.324971109933305,מ' 26 בניין 3- קומה 1,ח.שינה 3,1289.9980413514108,243.84,space
1400239,10.32497110988126,מ' 26 בניין 3- קומה 1,ח.שינה 4,1289.9980413478902,243.84,space
1400241,3.0306875582311332,מ' 26 בניין 3- קומה 1,ח.שירות,701.0564591265921,243.84,space
1400243,8.625020682665873,מ' 26 בניין 3- קומה 1,מטבח,1190.0019608240802,243.84,space
1400245,16.199563536405584,מ' 26 בניין 3- קומה 1,ח.דיור,1645.0367833025373,243.84,space
1400247,8.625020682665879,מ' 26 בניין 3- קומה 1,מטבח,1190.0019608240812,243.84,space
1400249,16.696277557802357,מ' 26 בניין 3- קומה 1,ח.דיור,1645.0367833025325,243.84,space
1400251,3.0306875582311044,מ' 26 בניין 3- קומה 1,ח.שירות,701.0564591265919,243.84,space
1400254,11.16369762433842,מ' 26 בניין 3- קומה 1,ח.שינה 1,1362.350287027366,243.84,space
1400256,3.4225000000000056,מ' 26 בניין 3- קומה 1,ח.שירות,770.0,243.84,space
1400258,8.460599082253406,מ' 26 בניין 3- קומה 1,מטבח,1209.1453711139457,243.84,space
1400260,18.166985398362364,מ' 26 בניין 3- קומה 1,ח.דיור,1721.5239891696049,243.84,space
1401309,9.939291080950527,מ' 26 בניין 3- קומת קרקע,ח.עגלות,1261.7544369330715,243.84,space
2374165,47.567473669074005,מ' 26 בניין 3- קומת קרקע,מבואה ראשית,3116.649397045491,243.84,space
2588942,12.589187595813655,מ' 26 בניין 3- קומה 2,מרפסת מקורה,1424.4612497733551,243.84,space
2588944,12.582354357010757,מ' 26 בניין 3- קומה 2,מרפסת מקורה,1424.4612497734631,243.84,space
2589147,2.683263702085879,מ' 26 בניין 3- קומה 2,פ.אוכל,639.7855313428745,243.84,space
2589150,12.204276881005951,מ' 26 בניין 3- קומה 2,מבואת מעליות,1520.5387502266403,243.84,space
2589153,6.240000000000169,מ' 26 בניין 3- קומה 2,מרפסת מקורה,1016.0000000000116,243.84,space
2589156,6.47899999999997,מ' 26 בניין 3- קומה 2,מרפסת מקורה,1037.9999999999984,243.84,space
2589159,6.437200000000145,מ' 26 בניין 3- קומה 2,מרפסת מקורה,1034.00000000001,243.84,space
2589225,4.513813710509932,מ' 26 בניין 3- קומה 2,פ. אוכל,854.5140167136136,243.84,space
2589232,4.668290490509552,מ' 26 בניין 3- קומה 2,פ. אוכל,867.6071096355078,243.84,space
2589240,7.775657411163585,מ' 26 בניין 3- קומה 2,פ. אוכל,1292.9360765253323,243.84,space
2589243,8.554847865262712,מ' 26 בניין 3- קומה 2,פ. אוכל,1362.507082420911,243.84,space
2589268,6.437200000000145,מ' 26 בניין 3- קומה 1,מרפסת מקורה,1034.00000000001,243.84,space
2589271,12.586562595815113,מ' 26 בניין 3- קומה 1,מרפסת מקורה,1422.0000000001091,243.84,space
2589274,12.587034002262207,מ' 26 בניין 3- קומה 1,מרפסת מקורה,1422.000000000017,243.84,space
2589277,12.204276881005923,מ' 26 בניין 3- קומה 1,מבאות מעליות,1520.5387502266383,243.84,space
2589409,5.56995598924477,מ' 26 בניין 3- קומה 1,פ. אוכל,1095.997233369734,243.84,space
2589412,4.22616309008301,מ' 26 בניין 3- קומה 1,פ. אוכל,829.6734544751504,243.84,space
2589691,,מ' 26 בניין 3- קומה 3,מרפסת מקורה,,0.0,space
2589694,,מ' 26 בניין 3- קומה 3,מרפסת מקורה,,0.0,space
2589706,,מ' 26 בניין 3- קומה 3,מרפסת מקורה,,0.0,space
2591081,12.204347028630597,מ' 26 בניין 3- קומה 13,מבואת מעליות,1520.5448428843906,243.84,space
2592088,8.762986099843062,מ' 26 בניין 3- קומת קרקע,מטבח,1197.9991941938029,243.84,space
2592091,5.617590974970614,מ' 26 בניין 3- קומת קרקע,פ. אוכל,955.9991941938029,243.84,space
2654677,2.3731399999998897,מ' 26 בניין 3- קומה 12,ח.אשפה,619.019999999987,243.84,space
2656284,6.437200000000145,מ' 26 בניין 3- קומה 12,מרפסת לא מקורה,1034.00000000001,243.84,space
2656287,6.478999999999972,מ' 26 בניין 3- קומה 12,מרפסת לא מקורה,1037.9999999999984,243.84,space
2656290,6.240000000000098,מ' 26 בניין 3- קומה 12,מרפסת לא מקורה,1016.0000000000073,243.84,space
2656293,12.593867532083262,מ' 26 בניין 3- קומה 12,מרפסת לא מקורה,1422.5387712498846,243.84,space
2656296,13.239181446589882,מ' 26 בניין 3- קומה 12,מרפסת לא מקורה,1457.2645881043718,243.84,space
2656477,11.16354891857648,מ' 26 בניין 3- קומה 12,ח.שינה 1,1362.3502870273394,243.84,space
2692896,5.543966071216329,מ' 26 בניין 3- קומה 4,פ. אוכל,994.2317707187173,243.84,space
2692920,2.6725444000303256,מ' 26 בניין 3- קומה 4,פ. אוכל,685.0543382752528,243.84,space
2693326,4.028569834598382,מ' 26 בניין 3- קומה 4,פ. אוכל,950.340828425381,243.84,space
2693482,4.471218820373677,מ' 26 בניין 3- קומה 4,פ. אוכל,995.7011768523906,243.84,space
2694072,4.3387973696535065,מ' 26 בניין 3- קומה 5,פ. אוכל,989.4341893755294,243.84,space
2694075,4.8859496023919275,מ' 26 בניין 3- קומה 5,פ. אוכל,1046.3016111077766,243.84,space
2694156,8.387091305837158,מ' 26 בניין 3- קומה 5,פ. אוכל,1188.0844152736106,243.84,space
2694226,6.029018298614573,מ' 26 בניין 3- קומה 5,פ. אוכל,987.8460471124275,243.84,space
2694241,6.240000000000169,מ' 26 בניין 3- קומה 4,מרפסת מקורה,1016.0000000000116,243.84,space
2694244,6.478999999999972,מ' 26 בניין 3- קומה 4,מרפסת מקורה,1037.9999999999989,243.84,space
2694247,6.437200000000145,מ' 26 בניין 3- קומה 4,מרפסת מקורה,1034.00000000001,243.84,space
2694250,12.532799595206326,מ' 26 בניין 3- קומה 4,מרפסת מקורה,1418.0000128823249,243.84,space
2694253,13.181474860851987,מ' 26 בניין 3- קומה 4,מרפסת מקורה,1453.2645882751494,243.84,space
2694259,13.181474860851987,מ' 26 בניין 3- קומה 5,מרפסת מקורה,1453.2645882751494,243.84,space
2694262,12.532799595206326,מ' 26 בניין 3- קומה 5,מרפסת מקורה,1418.0000128823249,243.84,space
2694265,6.240000000000169,מ' 26 בניין 3- קומה 5,מרפסת מקורה,1016.0000000000116,243.84,space
2694268,6.478999999999972,מ' 26 בניין 3- קומה 5,מרפסת מקורה,1037.9999999999989,243.84,space
2694271,6.437200000000145,מ' 26 בניין 3- קומה 5,מרפסת מקורה,1034.00000000001,243.84,space
2694277,13.18147486085204,מ' 26 בניין 3- קומה 6,מרפסת מקורה,1453.264588275149,243.84,space
2694280,12.532799595206326,מ' 26 בניין 3- קומה 6,מרפסת מקורה,1418.0000128823249,243.84,space
2694283,6.478999999999972,מ' 26 בניין 3- קומה 6,מרפסת מקורה,1037.9999999999989,243.84,space
2694286,6.240000000000169,מ' 26 בניין 3- קומה 6,מרפסת מקורה,1016.0000000000116,243.84,space
2694289,6.437200000000145,מ' 26 בניין 3- קומה 6,מרפסת מקורה,1034.00000000001,243.84,space
2694295,6.240000000000169,מ' 26 בניין 3- קומה 7,מרפסת מקורה,1016.0000000000116,243.84,space
2694298,6.478999999999972,מ' 26 בניין 3- קומה 7,מרפסת מקורה,1037.9999999999989,243.84,space
2694301,6.437200000000145,מ' 26 בניין 3- קומה 7,מרפסת מקורה,1034.00000000001,243.84,space
2694304,12.532799595206326,מ' 26 בניין 3- קומה 7,מרפסת מקורה,1418.0000128823249,243.84,space
2694307,13.18147486085196,מ' 26 בניין 3- קומה 7,מרפסת מקורה,1453.26458827515,243.84,space
2694337,6.240000000000169,מ' 26 בניין 3- קומה 8,מרפסת מקורה,1016.0000000000116,243.84,space
2694340,6.478999999999972,מ' 26 בניין 3- קומה 8,מרפסת מקורה,1037.9999999999989,243.84,space
2694343,6.437200000000145,מ' 26 בניין 3- קומה 8,מרפסת מקורה,1034.00000000001,243.84,space
2694346,12.53279959520632,מ' 26 בניין 3- קומה 8,מרפסת מקורה,1418.0000128823249,243.84,space
2694349,13.181474860852404,מ' 26 בניין 3- קומה 8,מרפסת מקורה,1453.264588275143,243.84,space
2694355,12.532799595206326,מ' 26 בניין 3- קומה 9,מרפסת מקורה,1418.0000128823249,243.84,space
2694358,13.18147486085196,מ' 26 בניין 3- קומה 9,מרפסת מקורה,1453.26458827515,243.84,space
2694361,6.240000000000169,מ' 26 בניין 3- קומה 9,מרפסת מקורה,1016.0000000000116,243.84,space
2694364,6.478999999999972,מ' 26 בניין 3- קומה 9,מרפסת מקורה,1037.9999999999989,243.84,space
2694367,6.437200000000145,מ' 26 בניין 3- קומה 9,מרפסת מקורה,1034.00000000001,243.84,space
2694373,12.53914101710657,מ' 26 בניין 3- קומה 10,מרפסת מקורה,1418.3400355013923,243.84,space
2694376,13.181474860852404,מ' 26 בניין 3- קומה 10,מרפסת מקורה,1453.264588275143,243.84,space
2694379,6.240000000000169,מ' 26 בניין 3- קומה 10,מרפסת מקורה,1016.0000000000116,243.84,space
2694382,6.478999999999972,מ' 26 בניין 3- קומה 10,מרפסת מקורה,1037.9999999999989,243.84,space
2694385,6.437200000000145,מ' 26 בניין 3- קומה 10,מרפסת מקורה,1034.00000000001,243.84,space
2694817,13.18147486085196,מ' 26 בניין 3- קומה 11,מרפסת מקורה,1453.26458827515,243.84,space
2694820,12.532799595206326,מ' 26 בניין 3- קומה 11,מרפסת מקורה,1418.0000128823249,243.84,space
2694823,6.240000000000169,מ' 26 בניין 3- קומה 11,מרפסת מקורה,1016.0000000000116,243.84,space
2694826,6.478999999999972,מ' 26 בניין 3- קומה 11,מרפסת מקורה,1037.9999999999989,243.84,space
2694829,6.437200000000145,מ' 26 בניין 3- קומה 11,מרפסת מקורה,1034.00000000001,243.84,space
2695592,7.464949729304877,מ' 26 בניין 3- קומה 6,פ. אוכל,1117.6848009325756,243.84,space
2695595,7.188283736440571,מ' 26 בניין 3- קומה 6,פ. אוכל,1090.5352814180083,243.84,space
2695717,4.862833384435573,מ' 26 בניין 3- קומה 6,פ. אוכל,1035.8317851803965,243.84,space
2695720,4.5536098696553,מ' 26 בניין 3- קומה 6,פ. אוכל,1013.7800024229957,243.84,space
2695792,7.295043592005145,מ' 26 בניין 3- קומה 7,פ. אוכל,1314.798088912969,243.84,space
2695795,8.68816560610365,מ' 26 בניין 3- קומה 7,פ. אוכל,1427.8317851804002,243.84,space
2695855,6.062229696201453,מ' 26 בניין 3- קומה 7,פ. אוכל,988.2663358092356,243.84,space
2696084,6.570773761000205,מ' 26 בניין 3- קומה 8,פ. אוכל,1032.7609295762206,243.84,space
2696087,5.973143536827427,מ' 26 בניין 3- קומה 8,פ. אוכל,981.0072109540014,243.84,space
2696149,4.553609869655297,מ' 26 בניין 3- קומה 8,פ. אוכל,1013.7800024229955,243.84,space
2696152,4.553609869655202,מ' 26 בניין 3- קומה 8,פ. אוכל,1013.7800024229879,243.84,space
2696450,6.241904837850198,מ' 26 בניין 3- קומה 9,פ. אוכל,1004.1071096355765,243.84,space
2696486,5.919900118253662,מ' 26 בניין 3- קומה 9,פ. אוכל,975.3136502782171,243.84,space
2696563,4.5336098696553195,מ' 26 בניין 3- קומה 9,פ. אוכל,1009.7800024229979,243.84,space
2696566,4.298773667542109,מ' 26 בניין 3- קומה 9,פ. אוכל,985.7981820699858,243.84,space
2696695,6.060782086349911,מ' 26 בניין 3- קומה 10,פ. אוכל,988.4440110236314,243.84,space
2696740,6.187861472336131,מ' 26 בניין 3- קומה 10,פ. אוכל,1000.107109635548,243.84,space
2696955,4.553609869655202,מ' 26 בניין 3- קומה 10,פ. אוכל,1013.7800024229879,243.84,space
2696987,3.9341506004552396,מ' 26 בניין 3- קומה 10,פ. אוכל,943.9574801886795,243.84,space
2697066,3.7651164830455435,מ' 26 בניין 3- קומה 11,פ. אוכל,927.2009366909912,243.84,space
2697069,3.9970295739258352,מ' 26 בניין 3- קומה 11,פ. אוכל,952.6657269865316,243.84,space
2697134,6.154143045363606,מ' 26 בניין 3- קומה 11,פ. אוכל,997.1071096355788,243.84,space
2697137,6.361899684048353,מ' 26 בניין 3- קומה 11,פ. אוכל,1017.5542301486664,243.84,space
2697304,6.280356112044689,מ' 26 בניין 3- קומה 12,פ. אוכל,1007.0370968774281,243.84,space
2697307,5.914501426460405,מ' 26 בניין 3- קומה 12,פ. אוכל,975.7901636145691,243.84,space
2697310,8.580998596905777,מ' 26 בניין 3- קומה 12,פ. אוכל,1416.8498716703687,243.84,space
2697313,7.815157949601723,מ' 26 בניין 3- קומה 12,פ. אוכל,1338.3705354070503,243.84,space
2697359,11.853906735176691,מ' 26 בניין 3- קומה 13,פ. אוכל,1443.4063082591695,243.84,space
2697390,7.021884952308914,מ' 26 בניין 3- קומה 13,פ. אוכל,1060.1396260969586,243.84,space
2697455,4.030000000000002,מ' 26 בניין 3- קומה 13,ח. שירות,830.0000000000002,243.84,space
2843818,8.229847303633084,מ' 26 בניין 3- קומה 1,פ.אוכל,1333.4889959309417,243.84,space
2960590,7.11863399976731,מ' 26 בניין 3- קומת קרקע,פ.אוכל,1389.5657806149131,243.84,space
3499315,14.88141880113301,מ' 26 בניין 3- קומת גג,מאגר מים -צריכה,1855.180480941981,243.84,space
3499318,8.418983394892999,מ' 26 בניין 3- קומת גג,מאגר מים -כ.א,1532.0026349148534,243.84,space
3499321,5.902773024266808,מ' 26 בניין 3- קומת גג,ח.משאבות,1063.186458769229,243.84,space
3907958,4.715532854582653,מ' 26 בניין 3- קומה 2,Room,1077.3894359524472,243.84,space
3907960,9.749959148808864,מ' 26 בניין 3- קומה 2,Room,1875.697276118144,243.84,space
3907962,1.7103436814331205,מ' 26 בניין 3- קומה 2,Room,545.8822541110983,243.84,space
3907964,2.943582182537065,מ' 26 בניין 3- קומה 2,Room,788.7164365074099,243.84,space
3907966,5.746212154544901,מ' 26 בניין 3- קומה 2,Room,1063.0306313984697,243.84,space
3907968,4.617024581069675,מ' 26 בניין 3- קומה 2,Room,960.0000000011514,243.84,space
3907970,9.01512702392064,מ' 26 בניין 3- קומה 2,Room,1803.2041902225626,243.84,space
3907972,14.954690996797167,מ' 26 בניין 3- קומה 2,Room,2268.6739182933657,243.84,space
3907974,18.513193699074154,מ' 26 בניין 3- קומה 2,Room,2068.6739182933657,243.84,space
3907976,6.936871423037642,מ' 26 בניין 3- קומה 2,Room,1490.9848374558485,243.84,space
3907978,3.892866264663306,מ' 26 בניין 3- קומה 2,Room,809.997040759946,243.84,space
3907980,4.144543310608368,מ' 26 בניין 3- קומה 2,Room,890.8771758752622,243.84,space
3907982,17.086343460061244,מ' 26 בניין 3- קומה 2,Room,2737.04184815239,243.84,space
3907984,2.3731399999998897,מ' 26 בניין 3- קומה 2,Room,619.019999999987,243.84,space
3907986,1.8108255082598028,מ' 26 בניין 3- קומה 2,Room,561.4661077648767,243.84,space
3907988,3.0480118526903897,מ' 26 בניין 3- קומה 2,Room,813.7599702404835,243.84,space
3907990,2.089955027097411,מ' 26 בניין 3- קומה 2,Room,606.8941536375946,243.84,space
3907992,7.167753640619518,מ' 26 בניין 3- קומה 2,Room,1495.0150234401285,243.84,space
3907994,3.972065968739527,מ' 26 בניין 3- קומה 2,Room,809.9970407599665,243.84,space
3907996,4.12979093533404,מ' 26 בניין 3- קומה 2,Room,890.6011001385173,243.84,space
3907998,11.415723118994068,מ' 26 בניין 3- קומה 2,Room,1599.4612497733606,243.84,space
3908000,5.745344980169907,מ' 26 בניין 3- קומה 2,Room,1063.030631398469,243.84,space
3908002,1.7104964055605023,מ' 26 בניין 3- קומה 2,Room,545.8822541110984,243.84,space
3908079,4.715532854582653,מ' 26 בניין 3- קומה 4,Room,1077.3894359524472,243.84,space
3908081,5.746212154544901,מ' 26 בניין 3- קומה 4,Room,1063.0306313984697,243.84,space
3908083,1.7103436814331205,מ' 26 בניין 3- קומה 4,Room,545.8822541110983,243.84,space
3908085,3.0435821825371043,מ' 26 בניין 3- קומה 4,Room,808.7164365074163,243.84,space
3908087,14.954690996797163,מ' 26 בניין 3- קומה 4,Room,2268.6739182933657,243.84,space
3908089,18.513193699074144,מ' 26 בניין 3- קומה 4,Room,2068.673918293366,243.84,space
3908091,11.415723118994068,מ' 26 בניין 3- קומה 4,Room,1599.4612497733606,243.84,space
3908093,12.204276881005951,מ' 26 בניין 3- קומה 4,Room,1520.5387502266403,243.84,space
3908095,17.086343460061244,מ' 26 בניין 3- קומה 4,Room,2737.04184815239,243.84,space
3908097,8.932617513516867,מ' 26 בניין 3- קומה 4,Room,1731.4184926162254,243.84,space
3908099,3.969065968739352,מ' 26 בניין 3- קומה 4,Room,809.997040759946,243.84,space
3908101,3.3710719270631007,מ' 26 בניין 3- קומה 4,Room,740.8044416166957,243.84,space
3908103,1.8108255082598046,מ' 26 בניין 3- קומה 4,Room,561.4661077648768,243.84,space
3908105,3.564411468650372,מ' 26 בניין 3- קומה 4,Room,922.4807132283355,243.84,space
3908107,3.395441991740209,מ' 26 בניין 3- קומה 4,Room,777.9119722351232,243.84,space
3908109,2.3731399999998897,מ' 26 בניין 3- קומה 4,Room,619.019999999987,243.84,space
3908215,6.5844765090734185,מ' 26 בניין 3- קומה 4,Room,1184.411763279982,243.84,space
3908217,3.972065968739528,מ' 26 בניין 3- קומה 4,Room,809.9970407599664,243.84,space
3908219,4.12979093533404,מ' 26 בניין 3- קומה 4,Room,890.6011001385173,243.84,space
3908236,4.715532854582653,מ' 26 בניין 3- קומה 5,Room,1077.3894359524472,243.84,space
3908238,10.96666810805723,מ' 26 בניין 3- קומה 5,Room,2000.4956873705762,243.84,space
3908240,5.746212154544901,מ' 26 בניין 3- קומה 5,Room,1063.0306313984697,243.84,space
3908242,1.7103436814331205,מ' 26 בניין 3- קומה 5,Room,545.8822541110983,243.84,space
3908244,3.0435821825371043,מ' 26 בניין 3- קומה 5,Room,808.7164365074163,243.84,space
3908246,14.954690996797167,מ' 26 בניין 3- קומה 5,Room,2268.6739182933657,243.84,space
3908248,11.548819738669499,מ' 26 בניין 3- קומה 5,Room,2064.41777619049,243.84,space
3908250,5.745344980169907,מ' 26 בניין 3- קומה 5,Room,1063.030631398469,243.84,space
3908252,1.7104964055605023,מ' 26 בניין 3- קומה 5,Room,545.8822541110984,243.84,space
3908254,3.043582182537075,מ' 26 בניין 3- קומה 5,Room,808.716436507412,243.84,space
3908256,12.204276881005951,מ' 26 בניין 3- קומה 5,Room,1520.5387502266403,243.84,space
3908258,18.513193699074144,מ' 26 בניין 3- קומה 5,Room,2068.673918293366,243.84,space
3908260,11.415723118994068,מ' 26 בניין 3- קומה 5,Room,1599.4612497733606,243.84,space
3908262,3.30203921659771,מ' 26 בניין 3- קומה 5,Room,720.2891394748575,243.84,space
3908264,17.086343460061244,מ' 26 בניין 3- קומה 5,Room,2737.04184815239,243.84,space
3908266,2.1507296515858862,מ' 26 בניין 3- קומה 5,Room,634.0101890948839,243.84,space
3908268,3.969065968739352,מ' 26 בניין 3- קומה 5,Room,809.997040759946,243.84,space
3908270,3.3710719270631007,מ' 26 בניין 3- קומה 5,Room,740.8044416166957,243.84,space
3908276,2.923986826704006,מ' 26 בניין 3- קומה 5,Room,772.2938567970405,243.84,space
3908287,4.144543310608368,מ' 26 בניין 3- קומה 5,Room,890.8771758752622,243.84,space
3908289,3.395441991740209,מ' 26 בניין 3- קומה 5,Room,777.9119722351232,243.84,space
3908291,1.8108255082598046,מ' 26 בניין 3- קומה 5,Room,561.4661077648768,243.84,space
3908293,3.564411468650372,מ' 26 בניין 3- קומה 5,Room,922.4807132283355,243.84,space
3908295,2.3731399999998897,מ' 26 בניין 3- קומה 5,Room,619.019999999987,243.84,space
3908297,3.687631681234258,מ' 26 בניין 3- קומה 5,Room,783.3122456778785,243.84,space
3908337,3.972065968739527,מ' 26 בניין 3- קומה 5,Room,809.9970407599664,243.84,space
3908339,4.12979093533404,מ' 26 בניין 3- קומה 5,Room,890.6011001385173,243.84,space
3908341,4.617024581069675,מ' 26 בניין 3- קומה 5,Room,960.0000000011514,243.84,space
3908355,4.715532854582653,מ' 26 בניין 3- קומה 6,Room,1077.3894359524472,243.84,space
3908357,11.391507149219043,מ' 26 בניין 3- קומה 6,Room,2064.222276712536,243.84,space
3908359,3.043582182537075,מ' 26 בניין 3- קומה 6,Room,808.716436507412,243.84,space
3908361,5.745344980169907,מ' 26 בניין 3- קומה 6,Room,1063.030631398469,243.84,space
3908363,1.7104964055605023,מ' 26 בניין 3- קומה 6,Room,545.8822541110984,243.84,space
3908423,4.617024581069675,מ' 26 בניין 3- קומה 6,Room,960.0000000011514,243.84,space
3908425,12.204276881005951,מ' 26 בניין 3- קומה 6,Room,1520.5387502266403,243.84,space
3908427,14.954690996797167,מ' 26 בניין 3- קומה 6,Room,2268.6739182933657,243.84,space
3908429,18.513193699074144,מ' 26 בניין 3- קומה 6,Room,2068.673918293366,243.84,space
3908431,3.0435821825371043,מ' 26 בניין 3- קומה 6,Room,808.7164365074163,243.84,space
3908433,5.746212154544901,מ' 26 בניין 3- קומה 6,Room,1063.0306313984697,243.84,space
3908435,1.7103436814331205,מ' 26 בניין 3- קומה 6,Room,545.8822541110983,243.84,space
3908437,4.146643233582967,מ' 26 בניין 3- קומה 6,Room,822.9734909984228,243.84,space
3908455,4.144543310608368,מ' 26 בניין 3- קומה 6,Room,890.8771758752622,243.84,space
3908457,3.963175571450471,מ' 26 בניין 3- קומה 6,Room,813.9970407599583,243.84,space
3908459,17.086343460061247,מ' 26 בניין 3- קומה 6,Room,2737.04184815239,243.84,space
3908461,11.415723118994068,מ' 26 בניין 3- קומה 6,Room,1599.4612497733606,243.84,space
3908463,3.3710719270631007,מ' 26 בניין 3- קומה 6,Room,740.8044416166957,243.84,space
3908478,2.3731399999998897,מ' 26 בניין 3- קומה 6,Room,619.019999999987,243.84,space
3908480,3.564411468650372,מ' 26 בניין 3- קומה 6,Room,922.4807132283355,243.84,space
3908482,3.395441991740209,מ' 26 בניין 3- קומה 6,Room,777.9119722351232,243.84,space
3908484,1.8108255082598046,מ' 26 בניין 3- קומה 6,Room,561.4661077648768,243.84,space
3908486,2.28404080562344,מ' 26 בניין 3- קומה 6,Room,661.2571223577733,243.84,space
3908488,3.972065968739527,מ' 26 בניין 3- קומה 6,Room,809.9970407599664,243.84,space
3908490,2.53039180328799,מ' 26 בניין 3- קומה 6,Room,681.1648902327762,243.84,space
3908492,4.12979093533404,מ' 26 בניין 3- קומה 6,Room,890.6011001385173,243.84,space
3908506,4.715532854582653,מ' 26 בניין 3- קומה 7,Room,1077.3894359524472,243.84,space
3908508,5.746212154544906,מ' 26 בניין 3- קומה 7,Room,1063.0306313984697,243.84,space
3908510,1.7110351933548638,מ' 26 בניין 3- קומה 7,Room,545.8822541110983,243.84,space
3908512,3.0435821825371043,מ' 26 בניין 3- קומה 7,Room,808.7164365074163,243.84,space
3908514,13.807190996797134,מ' 26 בניין 3- קומה 7,Room,2098.6739182933647,243.84,space
3908516,18.513193699074147,מ' 26 בניין 3- קומה 7,Room,2068.673918293366,243.84,space
3908518,11.415723118994071,מ' 26 בניין 3- קומה 7,Room,1599.461249773361,243.84,space
3908520,12.204276881005951,מ' 26 בניין 3- קומה 7,Room,1520.5387502266403,243.84,space
3908522,17.086885760810993,מ' 26 בניין 3- קומה 7,Room,2736.9740466164544,243.84,space
3908524,3.302039216597709,מ' 26 בניין 3- קומה 7,Room,730.7651394748572,243.84,space
3908526,3.9650916069781714,מ' 26 בניין 3- קומה 7,Room,809.9970407599459,243.84,space
3909001,6.583916053493433,מ' 26 בניין 3- קומה 7,Room,1034.5280833612555,243.84,space
3909003,2.43249747384677,מ' 26 בניין 3- קומה 7,Room,680.1542028205644,243.84,space
3909005,13.267700749570782,מ' 26 בניין 3- קומה 7,Room,1457.8654518738897,243.84,space
3909007,4.281263021793322,מ' 26 בניין 3- קומה 7,Room,1022.7612569039921,243.84,space
3909009,3.564411468650372,מ' 26 בניין 3- קומה 7,Room,922.4807132283355,243.84,space
3909011,1.8119971306588043,מ' 26 בניין 3- קומה 7,Room,571.0680277648765,243.84,space
3909013,3.3997523584199203,מ' 26 בניין 3- קומה 7,Room,777.9119722351235,243.84,space
3909015,2.3731399999998897,מ' 26 בניין 3- קומה 7,Room,619.019999999987,243.84,space
3909060,8.650073426869215,מ' 26 בניין 3- קומה 7,Room,1763.2041902225628,243.84,space
3909062,3.043582182537075,מ' 26 בניין 3- קומה 7,Room,808.716436507412,243.84,space
3909064,1.7104964055605023,מ' 26 בניין 3- קומה 7,Room,545.8822541110984,243.84,space
3909066,5.757293381995277,מ' 26 בניין 3- קומה 7,Room,1063.030631398469,243.84,space
3909068,4.617024581069674,מ' 26 בניין 3- קומה 7,Room,960.0000000011514,243.84,space
3909070,3.6944449292741313,מ' 26 בניין 3- קומה 7,Room,783.9136380793398,243.84,space
3909292,2.3720229133300093,מ' 26 בניין 3- קומה 7,Room,668.7958725844139,243.84,space
3909294,3.9791280426326603,מ' 26 בניין 3- קומה 7,Room,809.9970407599666,243.84,space
3909296,4.259970119079568,מ' 26 בניין 3- קומה 7,Room,1011.8628129219353,243.84,space
3909311,4.715532854582653,מ' 26 בניין 3- קומה 8,Room,1077.3894359524472,243.84,space
3909313,11.391507149219075,מ' 26 בניין 3- קומה 8,Room,2064.222276712528,243.84,space
3909315,1.7110351933548638,מ' 26 בניין 3- קומה 8,Room,545.8822541110983,243.84,space
3909317,5.746212154544906,מ' 26 בניין 3- קומה 8,Room,1063.0306313984697,243.84,space
3909319,3.0435821825371043,מ' 26 בניין 3- קומה 8,Room,808.7164365074163,243.84,space
3909321,13.807190996797129,מ' 26 בניין 3- קומה 8,Room,2098.673918293364,243.84,space
3909323,11.391507149219054,מ' 26 בניין 3- קומה 8,Room,2064.222276712536,243.84,space
3909325,3.043582182537075,מ' 26 בניין 3- קומה 8,Room,808.716436507412,243.84,space
3909327,1.7104964055605023,מ' 26 בניין 3- קומה 8,Room,545.8822541110984,243.84,space
3909329,5.757293381995277,מ' 26 בניין 3- קומה 8,Room,1063.030631398469,243.84,space
3909331,4.617024581069674,מ' 26 בניין 3- קומה 8,Room,960.0000000011514,243.84,space
3909333,12.204276881005951,מ' 26 בניין 3- קומה 8,Room,1520.5387502266403,243.84,space
3909335,18.513193699074144,מ' 26 בניין 3- קומה 8,Room,2068.673918293366,243.84,space
3909337,11.415723118994071,מ' 26 בניין 3- קומה 8,Room,1599.461249773361,243.84,space
3909339,17.086885760810993,מ' 26 בניין 3- קומה 8,Room,2736.9740466164544,243.84,space
3909341,1.8119971306588043,מ' 26 בניין 3- קומה 8,Room,571.0680277648765,243.84,space
3909343,3.564411468650372,מ' 26 בניין 3- קומה 8,Room,922.4807132283355,243.84,space
3909345,3.3997523584199203,מ' 26 בניין 3- קומה 8,Room,777.9119722351235,243.84,space
3909347,2.3731399999998897,מ' 26 בניין 3- קומה 8,Room,619.019999999987,243.84,space
3909349,3.2757676597386105,מ' 26 בניין 3- קומה 8,Room,746.957794538995,243.84,space
3909351,2.117761224615338,מ' 26 בניין 3- קומה 8,Room,632.2871490948863,243.84,space
3909353,3.9620916069781607,מ' 26 בניין 3- קומה 8,Room,809.997040759946,243.84,space
3909355,3.5167571521044416,מ' 26 בניין 3- קומה 8,Room,766.9429581564327,243.84,space
3909357,4.281263021793322,מ' 26 בניין 3- קומה 8,Room,1022.7612569039921,243.84,space
3909359,4.259970119079568,מ' 26 בניין 3- קומה 8,Room,1011.8628129219353,243.84,space
3909361,2.28404080562344,מ' 26 בניין 3- קומה 8,Room,661.2571223577733,243.84,space
3909363,3.9791280426326603,מ' 26 בניין 3- קומה 8,Room,809.9970407599666,243.84,space
3909399,4.715532854582653,מ' 26 בניין 3- קומה 9,Room,1077.3894359524472,243.84,space
3909401,11.646343351332167,מ' 26 בניין 3- קומה 9,Room,2092.2040970655307,243.84,space
3909552,4.617024581069674,מ' 26 בניין 3- קומה 9,Room,960.0000000011514,243.84,space
3909554,11.39150714921907,מ' 26 בניין 3- קומה 9,Room,2064.222276712536,243.84,space
3909556,3.043582182537075,מ' 26 בניין 3- קומה 9,Room,808.716436507412,243.84,space
3909558,1.7104964055605023,מ' 26 בניין 3- קומה 9,Room,545.8822541110984,243.84,space
3909560,5.757293381995277,מ' 26 בניין 3- קומה 9,Room,1063.030631398469,243.84,space
3909562,5.746212154544906,מ' 26 בניין 3- קומה 9,Room,1063.0306313984697,243.84,space
3909564,3.0435821825371043,מ' 26 בניין 3- קומה 9,Room,808.7164365074163,243.84,space
3909566,1.7110351933548638,מ' 26 בניין 3- קומה 9,Room,545.8822541110983,243.84,space
3909568,18.513193699074144,מ' 26 בניין 3- קומה 9,Room,2068.673918293366,243.84,space
3909570,12.204276881005951,מ' 26 בניין 3- קומה 9,Room,1520.5387502266403,243.84,space
3909572,11.415723118994071,מ' 26 בניין 3- קומה 9,Room,1599.461249773361,243.84,space
3909574,13.807190996797129,מ' 26 בניין 3- קומה 9,Room,2098.673918293364,243.84,space
3909576,17.086885760810993,מ' 26 בניין 3- קומה 9,Room,2736.9740466164544,243.84,space
3909578,2.3731399999998897,מ' 26 בניין 3- קומה 9,Room,619.019999999987,243.84,space
3909580,3.302039216597709,מ' 26 בניין 3- קומה 9,Room,730.7651394748572,243.84,space
3909582,2.117761224615333,מ' 26 בניין 3- קומה 9,Room,632.2871490948863,243.84,space
3909584,3.9620916069781607,מ' 26 בניין 3- קומה 9,Room,809.997040759946,243.84,space
3909586,4.281263021793322,מ' 26 בניין 3- קומה 9,Room,1022.7612569039921,243.84,space
3909588,3.9262529294634074,מ' 26 בניין 3- קומה 9,Room,804.3748878527007,243.84,space
3909590,3.564411468650372,מ' 26 בניין 3- קומה 9,Room,922.4807132283355,243.84,space
3909592,3.3997523584199203,מ' 26 בניין 3- קומה 9,Room,777.9119722351235,243.84,space
3909594,1.8119971306588043,מ' 26 בניין 3- קומה 9,Room,571.0680277648765,243.84,space
3909596,2.28404080562344,מ' 26 בניין 3- קומה 9,Room,661.2571223577733,243.84,space
3909640,3.9791280426326603,מ' 26 בניין 3- קומה 9,Room,809.9970407599666,243.84,space
3909642,4.259970119079568,מ' 26 בניין 3- קומה 9,Room,1011.8628129219353,243.84,space
3909743,11.391507149219075,מ' 26 בניין 3- קומה 10,Room,2064.222276712528,243.84,space
3909772,11.990966418419116,מ' 26 בניין 3- קומה 10,Room,2130.044798946854,243.84,space
3909774,4.715532854582653,מ' 26 בניין 3- קומה 10,Room,1077.3894359524472,243.84,space
3909776,4.617024581069674,מ' 26 בניין 3- קומה 10,Room,960.0000000011514,243.84,space
3909778,5.757293381995277,מ' 26 בניין 3- קומה 10,Room,1063.030631398469,243.84,space
3909780,1.7104964055605023,מ' 26 בניין 3- קומה 10,Room,545.8822541110984,243.84,space
3909782,3.043582182537075,מ' 26 בניין 3- קומה 10,Room,808.716436507412,243.84,space
3909784,5.746212154544906,מ' 26 בניין 3- קומה 10,Room,1063.0306313984697,243.84,space
3909786,1.7110351933548638,מ' 26 בניין 3- קומה 10,Room,545.8822541110983,243.84,space
3909788,3.0435821825371043,מ' 26 בניין 3- קומה 10,Room,808.7164365074163,243.84,space
3909790,13.807190996797132,מ' 26 בניין 3- קומה 10,Room,2098.6739182933643,243.84,space
3909792,18.513193699074144,מ' 26 בניין 3- קומה 10,Room,2068.673918293366,243.84,space
3909794,11.415723118994071,מ' 26 בניין 3- קומה 10,Room,1599.461249773361,243.84,space
3909796,12.204276881005951,מ' 26 בניין 3- קומה 10,Room,1520.5387502266403,243.84,space
3909798,17.086885760810993,מ' 26 בניין 3- קומה 10,Room,2736.9740466164544,243.84,space
3909800,3.302039216597709,מ' 26 בניין 3- קומה 10,Room,730.7651394748572,243.84,space
3909802,2.117761224615338,מ' 26 בניין 3- קומה 10,Room,632.2871490948863,243.84,space
3909804,3.9620916069781607,מ' 26 בניין 3- קומה 10,Room,809.997040759946,243.84,space
3909847,1.811997130658803,מ' 26 בניין 3- קומה 10,Room,571.0680277648763,243.84,space
3909849,3.3997523584199203,מ' 26 בניין 3- קומה 10,Room,777.9119722351235,243.84,space
3909851,3.564411468650372,מ' 26 בניין 3- קומה 10,Room,922.4807132283355,243.84,space
3909853,2.3731399999998897,מ' 26 בניין 3- קומה 10,Room,619.019999999987,243.84,space
3909855,3.732180978292309,מ' 26 בניין 3- קומה 10,Room,787.2445271072864,243.84,space
3909857,2.2840408056234343,מ' 26 בניין 3- קומה 10,Room,661.2571223577718,243.84,space
3909859,3.9791280426326603,מ' 26 בניין 3- קומה 10,Room,809.9970407599666,243.84,space
3909861,4.259970119079568,מ' 26 בניין 3- קומה 10,Room,1011.8628129219353,243.84,space
3909863,4.281263021793322,מ' 26 בניין 3- קומה 10,Room,1022.7612569039921,243.84,space
3909883,4.715532854582653,מ' 26 בניין 3- קומה 11,Room,1077.3894359524472,243.84,space
3909952,12.180000535828807,מ' 26 בניין 3- קומה 11,Room,2150.8013424445426,243.84,space
3909954,3.043582182537075,מ' 26 בניין 3- קומה 11,Room,808.716436507412,243.84,space
3909956,1.7104964055605023,מ' 26 בניין 3- קומה 11,Room,545.8822541110984,243.84,space
3909958,5.757293381995277,מ' 26 בניין 3- קומה 11,Room,1063.030631398469,243.84,space
3909960,4.617024581069674,מ' 26 בניין 3- קומה 11,Room,960.0000000011514,243.84,space
3909962,11.948087444948445,מ' 26 בניין 3- קומה 11,Room,2125.336552148984,243.84,space
3909964,1.7110351933548638,מ' 26 בניין 3- קומה 11,Room,545.8822541110983,243.84,space
3909966,5.746212154544906,מ' 26 בניין 3- קומה 11,Room,1063.0306313984697,243.84,space
3909968,3.0435821825371043,מ' 26 בניין 3- קומה 11,Room,808.7164365074163,243.84,space
3909970,13.807190996797132,מ' 26 בניין 3- קומה 11,Room,2098.6739182933643,243.84,space
3909972,18.513193699074144,מ' 26 בניין 3- קומה 11,Room,2068.673918293366,243.84,space
3909974,11.415723118994071,מ' 26 בניין 3- קומה 11,Room,1599.461249773361,243.84,space
3909976,12.204276881005951,מ' 26 בניין 3- קומה 11,Room,1520.5387502266403,243.84,space
3909978,3.302039216597709,מ' 26 בניין 3- קומה 11,Room,730.7651394748572,243.84,space
3909980,2.1507296515858862,מ' 26 בניין 3- קומה 11,Room,634.0101890948839,243.84,space
3909982,17.086885760810993,מ' 26 בניין 3- קומה 11,Room,2736.9740466164544,243.84,space
3909984,3.9650916069781714,מ' 26 בניין 3- קומה 11,Room,809.9970407599459,243.84,space
3909986,4.281263021793322,מ' 26 בניין 3- קומה 11,Room,1022.7612569039921,243.84,space
3909988,3.564411468650372,מ' 26 בניין 3- קומה 11,Room,922.4807132283355,243.84,space
3909990,3.3997523584199203,מ' 26 בניין 3- קומה 11,Room,777.9119722351235,243.84,space
3909992,1.8119971306588043,מ' 26 בניין 3- קומה 11,Room,571.0680277648765,243.84,space
3909994,2.3731399999998897,מ' 26 בניין 3- קומה 11,Room,619.019999999987,243.84,space
3909996,3.3253518369723607,מ' 26 בניין 3- קומה 11,Room,734.2565752324911,243.84,space
3909998,2.2553164234457093,מ' 26 בניין 3- קומה 11,Room,660.0728325844128,243.84,space
3910000,3.9791280426326603,מ' 26 בניין 3- קומה 11,Room,809.9970407599666,243.84,space
3910002,4.259970119079568,מ' 26 בניין 3- קומה 11,Room,1011.8628129219353,243.84,space
3910016,4.715562534379345,מ' 26 בניין 3- קומה 12,Room,1077.3911565202338,243.84,space
3910018,9.044372040228556,מ' 26 בניין 3- קומה 12,Room,1766.64213119798,243.84,space
3910020,5.715585948898211,מ' 26 בניין 3- קומה 12,Room,1057.533276459726,243.84,space
3910022,1.7064558162776897,מ' 26 בניין 3- קומה 12,Room,545.343503866725,243.84,space
3910024,3.051780835490303,מ' 26 בניין 3- קומה 12,Room,809.2551867340563,243.84,space
3910026,13.807190996797198,מ' 26 בניין 3- קומה 12,Room,2098.673918293365,243.84,space
3910028,8.278531392924343,מ' 26 בניין 3- קומה 12,Room,1688.1627949346657,243.84,space
3910030,3.0517808354902742,מ' 26 בניין 3- קומה 12,Room,809.255186734052,243.84,space
3910032,5.726182263576889,מ' 26 בניין 3- קומה 12,Room,1057.5332764597258,243.84,space
3910034,1.706455816277693,מ' 26 בניין 3- קומה 12,Room,545.343503866725,243.84,space
3910036,4.616515510639792,מ' 26 בניין 3- קומה 12,Room,960.0017205690793,243.84,space
3910038,12.20427688100594,מ' 26 בניין 3- קומה 12,Room,1520.538750226641,243.84,space
3910040,18.505380000242027,מ' 26 בניין 3- קומה 12,Room,2068.6739182933607,243.84,space
3910042,11.415723118994062,מ' 26 בניין 3- קומה 12,Room,1599.461249773361,243.84,space
3910044,17.086886671083807,מ' 26 בניין 3- קומה 12,Room,2736.9740466164635,243.84,space
3910046,3.5416808355008365,מ' 26 בניין 3- קומה 12,Room,752.0820854958595,243.84,space
3910048,2.1507296515859284,מ' 26 בניין 3- קומה 12,Room,634.0101890948876,243.84,space
3910050,3.9742916069781704,מ' 26 בניין 3- קומה 12,Room,809.9970407599458,243.84,space
3910052,4.281263021793032,מ' 26 בניין 3- קומה 12,Room,1022.7612569039369,243.84,space
3910054,3.5990003676296713,מ' 26 בניין 3- קומה 12,Room,896.9267932283403,243.84,space
3910056,1.8207999999999915,מ' 26 בניין 3- קומה 12,Room,571.9999999999982,243.84,space
3910058,3.4004573773256794,מ' 26 בניין 3- קומה 12,Room,769.232707600996,243.84,space
3910060,3.5705294608142526,מ' 26 בניין 3- קומה 12,Room,773.1901914801604,243.84,space
3910062,2.288081980387079,מ' 26 בניין 3- קומה 12,Room,662.0830818949446,243.84,space
3910064,3.9880288456571478,מ' 26 בניין 3- קומה 12,Room,810.8230002971302,243.84,space
3910066,4.180271507162925,מ' 26 בניין 3- קומה 12,Room,998.0172456932961,243.84,space
3910068,3.380185927063117,מ' 26 בניין 3- קומה 12,Room,741.7844416166981,243.84,space
3910082,13.811271046463382,מ' 26 בניין 3- קומה 13,Room,2098.6678256356176,243.84,space
3910084,16.78768320240728,מ' 26 בניין 3- קומה 13,Room,2874.479285061692,243.84,space
3910086,5.7362058418030335,מ' 26 בניין 3- קומה 13,Room,1059.0720266863693,243.84,space
3910088,1.7014963705617674,מ' 26 בניין 3- קומה 13,Room,544.8822540954361,243.84,space
3910090,4.776510117058341,מ' 26 בניין 3- קומה 13,Room,970.0017205690699,243.84,space
3910092,15.29050751820171,מ' 26 בניין 3- קומה 13,Room,2471.4814577152097,243.84,space
3910094,2.373139999999946,מ' 26 בניין 3- קומה 13,Room,619.0199999999936,243.84,space
3910096,15.236908846623653,מ' 26 בניין 3- קומה 13,Room,2693.231255536145,243.84,space
3910098,11.41572311899405,מ' 26 בניין 3- קומה 13,Room,1599.4612497733613,243.84,space
3910100,4.498917769834559,מ' 26 בניין 3- קומה 13,Room,870.0000000000001,243.84,space
3910102,4.941743565247907,מ' 26 בניין 3- קומה 13,Room,988.3906612297726,243.84,space
3910104,4.112702549267022,מ' 26 בניין 3- קומה 13,Room,888.2221087278303,243.84,space
3910106,1.897999999999961,מ' 26 בניין 3- קומה 13,Room,567.999999999993,243.84,space
3910108,18.513193699074016,מ' 26 בניין 3- קומה 13,Room,2068.6739182933607,243.84,space
3910112,40.169113855728504,מ' 26 בניין 3- קומת קרקע,Room,5145.978667984431,243.84,space
3910114,11.415723118994093,מ' 26 בניין 3- קומת קרקע,Room,1599.4612497733615,243.84,space
3910116,18.255074411700953,מ' 26 בניין 3- קומת קרקע,Room,3416.7095884288788,243.84,space
3910118,15.384222051108154,מ' 26 בניין 3- קומת קרקע,Room,2584.6711516631426,243.84,space
3910120,1.8899999999999684,מ' 26 בניין 3- קומת קרקע,Room,549.9999999999952,243.84,space
3910122,2.255268349385942,מ' 26 בניין 3- קומת קרקע,Room,651.0536698771889,243.84,space
3910124,4.895655214155052,מ' 26 בניין 3- קומת קרקע,Room,899.0334206478909,243.84,space
3910126,4.715532854605716,מ' 26 בניין 3- קומת קרקע,Room,1077.38943595378,243.84,space
3910128,44.225024515501836,מ' 26 בניין 3- קומת קרקע,Room,3354.4870497181932,243.84,space
3910130,6.13380399411161,מ' 26 בניין 3- קומת קרקע,Room,1063.7112500422645,243.84,space
3910132,2.9435821825370603,מ' 26 בניין 3- קומת קרקע,Room,788.7164365074092,243.84,space
3910134,5.74534498016993,מ' 26 בניין 3- קומת קרקע,Room,1063.0306313984706,243.84,space
3910136,5.386514643200867,מ' 26 בניין 3- קומת קרקע,Room,1236.0027892315081,243.84,space
3910138,1.7104964055605079,מ' 26 בניין 3- קומת קרקע,Room,545.8822541110991,243.84,space
3910140,4.617024581091303,מ' 26 בניין 3- קומת קרקע,Room,960.0000000024068,243.84,space
3910144,17.06221278558724,מ' 26 בניין 3- קומה 1,Room,2738.250542932129,243.84,space
3910146,14.485395733185166,מ' 26 בניין 3- קומה 1,Room,2678.4304757811437,243.84,space
3910148,5.745344980169907,מ' 26 בניין 3- קומה 1,Room,1063.030631398469,243.84,space
3910150,1.7104964055605023,מ' 26 בניין 3- קומה 1,Room,545.8822541110984,243.84,space
3910152,4.61702458106968,מ' 26 בניין 3- קומה 1,Room,960.0000000011514,243.84,space
3910154,12.322218440193744,מ' 26 בניין 3- קומה 1,Room,2440.938713219942,243.84,space
3910156,1.7103436814331172,מ' 26 בניין 3- קומה 1,Room,545.8822541110984,243.84,space
3910158,5.746212154544902,מ' 26 בניין 3- קומה 1,Room,1063.0306313984697,243.84,space
3910160,4.715532854582649,מ' 26 בניין 3- קומה 1,Room,1077.3894359524427,243.84,space
3910162,14.979646011482496,מ' 26 בניין 3- קומה 1,Room,2269.0136770239847,243.84,space
3910164,18.502312750795948,מ' 26 בניין 3- קומה 1,Room,2068.3754288661444,243.84,space
3910166,11.415723118994071,מ' 26 בניין 3- קומה 1,Room,1599.4612497733608,243.84,space
3910168,7.222769316719233,מ' 26 בניין 3- קומה 1,Room,1481.4058111815293,243.84,space
3910170,4.280791615345037,מ' 26 בניין 3- קומה 1,Room,1022.4129444522249,243.84,space
3910172,3.972101079322677,מ' 26 בניין 3- קומה 1,Room,809.9970407599461,243.84,space
3911852,4.617024581069675,מ' 26 בניין 3- קומה 3,Room,960.0000000011514,243.84,space
3911854,13.895976678795105,מ' 26 בניין 3- קומה 3,Room,1680.6928758786444,243.84,space
3911856,10.324971109933307,מ' 26 בניין 3- קומה 3,Room,1289.9980413514106,243.84,space
3911858,10.324971109881245,מ' 26 בניין 3- קומה 3,Room,1289.9980413478902,243.84,space
3911860,11.400714423505132,מ' 26 בניין 3- קומה 3,Room,2061.7132334675566,243.84,space
3911862,1.7104964055605023,מ' 26 בניין 3- קומה 3,Room,545.8822541110984,243.84,space
3911864,3.0835821825370626,מ' 26 בניין 3- קומה 3,Room,799.6385165074088,243.84,space
3911866,5.745344980169907,מ' 26 בניין 3- קומה 3,Room,1063.030631398469,243.84,space
3911868,3.0306875582311044,מ' 26 בניין 3- קומה 3,Room,701.0564591265919,243.84,space
3911870,9.700737225648918,מ' 26 בניין 3- קומה 3,SR,1261.3446247865747,243.84,space
3911872,5.6949995970969125,מ' 26 בניין 3- קומה 3,Room,1106.000805806192,243.84,space
3912212,8.499999999999986,מ' 26 בניין 3- קומה 3,Room,1179.9999999999989,243.84,space
3912214,16.697292517874107,מ' 26 בניין 3- קומה 3,Room,1645.0849710043317,243.84,space
3912216,10.836846564829944,מ' 26 בניין 3- קומה 3,Room,1317.461562637056,243.84,space
3912218,7.268934489291301,מ' 26 בניין 3- קומה 3,Room,1243.4623684432547,243.84,space
3912220,10.148823655962548,מ' 26 בניין 3- קומה 3,Room,1924.2516708304918,243.84,space
3912222,14.03840182839242,מ' 26 בניין 3- קומה 3,Room,1507.6234083672753,243.84,space
3912224,13.895976678795108,מ' 26 בניין 3- קומה 3,Room,1680.6928758786444,243.84,space
3912226,4.715532854582653,מ' 26 בניין 3- קומה 3,Room,1077.3894359524472,243.84,space
3912228,10.324971109933305,מ' 26 בניין 3- קומה 3,Room,1289.9980413514108,243.84,space
3912230,10.32497110988126,מ' 26 בניין 3- קומה 3,Room,1289.9980413478902,243.84,space
3912232,5.746212154544901,מ' 26 בניין 3- קומה 3,Room,1063.0306313984697,243.84,space
3912234,1.7103436814331199,מ' 26 בניין 3- קומה 3,Room,545.8822541110984,243.84,space
3912236,3.0306875582311306,מ' 26 בניין 3- קומה 3,Room,701.0564591265921,243.84,space
3912238,9.700737225648917,מ' 26 בניין 3- קומה 3,SR,1261.3446247865745,243.84,space
3912240,3.0835821825370715,מ' 26 בניין 3- קומה 3,Room,799.6385165074096,243.84,space
3912242,13.807190996797182,מ' 26 בניין 3- קומה 3,Room,2098.673918293367,243.84,space
3912244,18.513193699074144,מ' 26 בניין 3- קומה 3,Room,2068.6739182933666,243.84,space
3912246,11.415723118994068,מ' 26 בניין 3- קומה 3,Room,1599.4612497733606,243.84,space
3912248,12.204276881005951,מ' 26 בניין 3- קומה 3,Room,1520.5387502266403,243.84,space
3912250,17.086343460061244,מ' 26 בניין 3- קומה 3,Room,2737.04184815239,243.84,space
3912252,9.664503954723841,מ' 26 בניין 3- קומה 3,SR,1282.0610612940052,243.84,space
3912254,9.661353954723689,מ' 26 בניין 3- קומה 3,SR,1272.0610612939752,243.84,space
3912256,11.167372579221588,מ' 26 בניין 3- קומה 3,Room,1362.8890372539802,243.84,space
3912258,4.12979093533404,מ' 26 בניין 3- קומה 3,Room,890.6011001385173,243.84,space
3912260,3.972065968739528,מ' 26 בניין 3- קומה 3,Room,809.9970407599665,243.84,space
3912262,3.430000000000127,מ' 26 בניין 3- קומה 3,Room,770.0000000000041,243.84,space
3913226,7.338578112154004,מ' 26 בניין 3- קומה 3,Room,1475.4359971657866,243.84,space
3913228,4.0216916599742865,מ' 26 בניין 3- קומה 3,Room,806.8546288860316,243.84,space
3913230,16.76001539827657,מ' 26 בניין 3- קומה 3,Room,1649.5571343939753,243.84,space
3913232,10.114204728003882,מ' 26 בניין 3- קומה 3,Room,1295.142411873908,243.84,space
3913234,10.360000000000005,מ' 26 בניין 3- קומה 3,SR,1300.0000000000002,243.84,space
3913236,2.3731399999998897,מ' 26 בניין 3- קומה 3,Room,619.019999999987,243.84,space
3913238,3.395441991740209,מ' 26 בניין 3- קומה 3,Room,777.9119722351232,243.84,space
3913240,11.009999999999993,מ' 26 בניין 3- קומה 3,Room,1333.999999999999,243.84,space
3913242,1.8108255082598483,מ' 26 בניין 3- קומה 3,Room,561.4661077648768,243.84,space
3914658,7.977738418710729,מ' 26 בניין 3- קומה 3,Room,1189.723039999999,243.84,space
3914660,3.0689999999999924,מ' 26 בניין 3- קומה 3,Room,817.999999999999,243.84,space
3914662,17.84907216338578,מ' 26 בניין 3- קומה 3,Room,1711.0199999999984,243.84,space
3914664,3.3710719270631007,מ' 26 בניין 3- קומה 3,Room,740.8044416166957,243.84,space
3914666,2.065299999999986,מ' 26 בניין 3- קומה 3,Room,607.0000000000011,243.84,space
3914668,2.533567531301061,מ' 26 בניין 3- קומה 3,Room,638.0667683883602,243.84,space
3915428,8.508422749662603,מ' 26 בניין 3- קומה 3,Room,1504.55118229548,243.84,space
3915430,3.3179999999999987,מ' 26 בניין 3- קומה 3,Room,736.0000000000001,243.84,space
3915432,11.16369762433842,מ' 26 בניין 3- קומה 3,Room,1362.350287027366,243.84,space
3915434,4.144543310608368,מ' 26 בניין 3- קומה 3,Room,890.8771758752622,243.84,space
3915436,3.4225000000000056,מ' 26 בניין 3- קומה 3,Room,770.0,243.84,space
3915438,3.9720659687393574,מ' 26 בניין 3- קומה 3,Room,809.997040759946,243.84,space
3915440,8.698623001710777,מ' 26 בניין 3- קומה 3,Room,1221.523989169601,243.84,space
3915442,17.55818479326615,מ' 26 בניין 3- קומה 3,Room,1685.9999999999975,243.84,space
4023157,6.444037934980841,ST_1,SR,1172.061061293974,243.84,space
4023357,9.7825930373696,ST_M1,SR,1260.7060008853402,243.84,space
4023361,10.950641939349728,ST_M1,SR,1331.1455756421592,243.84,space
4024043,10.227027893149394,ST_M1,SR,1291.7630175510815,243.84,space
4024046,9.784018448046965,ST_M1,SR,1260.3494901273696,243.84,space
4024597,9.805273631761604,ST_M2,SR,1261.8833753155964,243.84,space
4024601,10.220077567186335,ST_M2,SR,1291.5934308545914,243.84,space
4024604,9.782597314584327,ST_M2,SR,1260.7017007383652,243.84,space
4024607,10.214631531509662,ST_M2,SR,1291.145575642159,243.84,space
