id,xmax,ymax,zmax,xmin,ymin,zmin,length,height,width
418043,-1582.43512710126,1409.23615333254,847.839999999967,-1932.43414777782,1114.23615333254,603.999999999967
418046,-1582.43512710129,1104.23615333254,847.839999999967,-1932.43414777608,809.236153332538,603.999999999967
418049,-1625.48248081527,799.236153332539,847.839999999967,-1780.48248081527,603.707923769242,603.999999999967
418639,465.241381087738,108.554025080016,847.839999999967,93.7968624607144,-201.445974919952,603.999999999967
418642,-1900.04478129134,-211.445974919957,847.839999999967,-2055.37711249186,-441.445974919957,603.999999999967
418645,-1614.02453070161,108.554025080025,847.839999999967,-1985.19967421531,-201.445974919959,603.999999999967
419210,-299.733668186275,154.066142022947,847.839999999967,-360.224624941291,3.99855798959555,603.999999999967
419219,530.418819364293,-451.445974919953,847.839999999967,310.418819364295,-836.018660476934,603.999999999967
419727,-1379.18780346403,-431.235488057119,847.839999999967,-1830.37711249186,-836.018660476932,603.999999999967
419730,-1830.37711249186,-451.445974919957,847.839999999967,-2050.37711249186,-836.01866047693,603.999999999967
419826,535.418819364292,-211.445974919951,847.839999999967,380.418819364292,-441.445974919953,603.999999999967
458524,466.017849035231,108.554283075592,4184.84,32.856572284714,-312.208139648525,3941
458527,381.209154074971,-481.018660476932,4184.84,-88.7908459250302,-836.018660476931,3941
479960,-1407.08770983891,1764.23615333254,847.839999999967,-1787.43414777823,1304.23615333254,603.999999999967
482943,412.206479536928,1409.23615333254,847.839999999967,62.2074588603692,1114.23615333254,603.999999999967
482946,267.206479537335,1764.23615333254,847.839999999967,-113.139958401982,1304.23615333254,603.999999999967
483281,-62.7925411307248,1481.06614202295,847.839999999967,-498.479549466879,1094.23475870783,603.999999999967
483287,412.206479535191,1104.23615333254,847.839999999967,62.2074588603972,809.236153332538,603.999999999967
483290,260.254812574377,799.236153332539,847.839999999967,105.254812574375,603.707923769242,603.999999999967
775246,-498.479549466878,1481.06614202295,847.839999999967,-748.479146563784,1136.06475870781,603.999999999967
775522,-771.748521677107,1500.06614202295,847.839999999967,-1021.74811877401,1136.06475870781,603.999999999967
775525,-1021.74811877401,1481.06935656657,847.839999999967,-1457.43512711017,1094.21026195384,603.999999999967
775602,310.418819364296,-431.235488057123,847.839999999967,-142.785582655687,-836.018660476936,603.999999999967
781715,-98.7908459250295,-481.018660476931,4184.84,-408.79084592503,-836.018660476932,3941
781969,-618.292546865747,-171.018660476933,4184.84,-1207.49400005462,-581.01866047693,3941
785678,412.475854650251,1409.23615333254,4184.84,62.2074588603696,1114.23615333254,3941
785681,412.475854648514,1104.23615333254,4184.84,62.2074588603977,809.236153332538,3941
785684,262.474994366694,1764.23615333254,4184.84,-113.139958401982,1305.0764882152,3941
785687,260.254812574375,799.236153332539,4184.84,105.254812574375,603.707923769243,3941
786151,-123.139958401982,1481.06614202295,4184.84,-429.139958401983,1111.06475870784,3941
786154,-429.139958401982,1481.06614202295,4184.84,-1207.49400005462,908.066142022949,3941
909462,-418.79084592503,-471.01866047693,4184.84,-738.790845925031,-836.018660476931,3941
1002454,-466.785582655684,-469.018660476933,847.839999999967,-766.785582655685,-836.018660476934,603.999999999967
1003894,-1098.67170176009,-175.018660477328,847.839999999967,-1352.18780346403,-527.018660477329,603.999999999967
1003897,-1151.29558265568,-537.018660477328,847.839999999967,-1352.18780346403,-706.528660477328,603.999999999967
1003905,-774.665567775927,-355.018660476934,847.839999999967,-1141.29558265568,-836.018660476935,603.999999999967
1004065,-479.664419269853,-171.018660476933,847.839999999967,-694.620405387415,-345.018660476934,603.999999999967
1079040,-1582.43512710126,1409.23615333254,1451.83999999997,-1932.43414777782,1114.23615333254,1207.99999999997
1079042,-1582.43512710129,1104.23615333254,1451.83999999997,-1932.43414777608,809.236153332538,1207.99999999997
1079044,-1625.48248081527,799.236153332539,1451.83999999997,-1780.48248081527,603.707923769242,1207.99999999997
1079051,465.241381087738,108.554025080016,1451.83999999997,93.7968624607144,-201.445974919952,1207.99999999997
1079053,-1900.04478129134,-211.445974919957,1451.83999999997,-2055.37711249186,-441.445974919957,1207.99999999997
1079055,-1614.02453070161,108.554025080025,1451.83999999997,-1985.19967421531,-201.445974919959,1207.99999999997
1079061,-299.733668186275,154.066142022947,1451.83999999997,-360.224624941291,3.99855798959555,1207.99999999997
1079062,530.418819364293,-451.445974919953,1451.83999999997,272.125223349136,-836.018660476934,1207.99999999997
1079067,-1379.18780346403,-431.23548805712,1451.83999999997,-1632.44581761283,-836.018660476932,1207.99999999997
1079069,-1632.44581761283,-439.445974919952,1451.83999999997,-2050.37711249186,-836.018660476931,1207.99999999997
1079071,535.418819364292,-211.445974919951,1451.83999999997,380.418819364292,-441.445974919953,1207.99999999997
1079073,-1407.08770983891,1764.23615333254,1451.83999999997,-1787.43414777823,1304.23615333254,1207.99999999997
1079075,412.206479536928,1409.23615333254,1451.83999999997,62.2074588603692,1114.23615333254,1207.99999999997
1079077,267.206479537335,1764.23615333254,1451.83999999997,-113.139958401982,1304.23615333254,1207.99999999997
1079081,52.2074588604168,1481.06614202295,1451.83999999997,-538.479146563784,891.234758707832,1207.99999999997
1079082,412.206479535191,1104.23615333254,1451.83999999997,62.2074588603972,809.236153332538,1207.99999999997
1079084,260.254812574377,799.236153332539,1451.83999999997,105.254812574375,603.707923769242,1207.99999999997
1079098,-474.139958401977,1481.06614202295,1451.83999999997,-748.479146563784,1107.23615333254,1207.99999999997
1079103,-771.748521677107,1481.06614202295,1451.83999999997,-1047.81833472559,1107.23615333254,1207.99999999997
1079105,-1004.42869589061,1481.06614202295,1451.83999999997,-1572.43512710131,891.234758707832,1207.99999999997
1079107,272.125223349136,-451.445974919949,1451.83999999997,-142.785582655687,-836.018660476936,1207.99999999997
1079109,-466.785582655684,-469.018660476933,1451.83999999997,-766.785582655685,-836.018660476934,1207.99999999997
1079116,-1095.18780346403,-175.018660477328,1451.83999999997,-1352.18780346403,-527.018660477329,1207.99999999997
1079118,-1176.29558265568,-726.528660477327,1451.83999999997,-1344.18780346403,-876.478235003856,1207.99999999997
1079120,-776.785582655684,-449.165588875454,1451.83999999997,-1141.29558265568,-836.018660476935,1207.99999999997
1079123,-829.664419269853,-171.018660476934,1451.83999999997,-1095.18780346403,-449.165588875455,1207.99999999997
1079179,-1582.43512710126,1409.23615333254,1753.83999999997,-1932.43414777782,1114.23615333254,1509.99999999997
1079181,-1582.43512710129,1104.23615333254,1753.83999999997,-1932.43414777608,809.236153332538,1509.99999999997
1079183,-1625.48248081527,799.236153332539,1753.83999999997,-1780.48248081527,603.707923769242,1509.99999999997
1079190,465.241381087738,108.554025080016,1753.83999999997,93.7968624607144,-201.445974919952,1509.99999999997
1079192,-1900.04478129134,-211.445974919957,1753.83999999997,-2055.37711249186,-441.445974919957,1509.99999999997
1079194,-1614.02453070161,108.554025080025,1753.83999999997,-1985.19967421531,-201.445974919959,1509.99999999997
1079200,-299.733668186275,154.066142022947,1753.83999999997,-360.224624941291,3.99855798959555,1509.99999999997
1079201,530.418819364293,-451.445974919953,1753.83999999997,272.125223349136,-836.018660476934,1509.99999999997
1079206,-1379.18780346403,-431.235488057119,1753.83999999997,-1632.44581761283,-836.018660476932,1509.99999999997
1079208,-1632.44581761283,-439.445974919952,1753.83999999997,-2050.37711249186,-836.018660476931,1509.99999999997
1079210,535.418819364292,-211.445974919951,1753.83999999997,380.418819364292,-441.445974919953,1509.99999999997
1079212,-1407.08770983891,1764.23615333254,1753.83999999997,-1787.43414777823,1304.23615333254,1509.99999999997
1079214,412.206479536928,1409.23615333254,1753.83999999997,62.2074588603692,1114.23615333254,1509.99999999997
1079216,267.206479537335,1764.23615333254,1753.83999999997,-113.139958401982,1304.23615333254,1509.99999999997
1079220,-62.7925411307248,1481.06614202295,1753.83999999997,-474.139958401978,1094.21026195384,1509.99999999997
1079221,412.206479535191,1104.23615333254,1753.83999999997,62.2074588603972,809.236153332538,1509.99999999997
1079223,260.254812574377,799.236153332539,1753.83999999997,105.254812574375,603.707923769242,1509.99999999997
1079237,-474.139958401977,1481.06614202295,1753.83999999997,-748.479146563784,1094.21026195384,1509.99999999997
1079242,-771.748521677107,1481.06614202295,1753.83999999997,-1047.81833472559,1107.23615333254,1509.99999999997
1079244,-1047.81833472559,1481.06614202295,1753.83999999997,-1457.43512711017,1094.21026195384,1509.99999999997
1079246,272.125223349136,-444.858954688553,1753.83999999997,-142.785582655687,-836.018660476936,1509.99999999997
1079248,-466.785582655684,-469.018660476933,1753.83999999997,-766.785582655685,-836.018660476934,1509.99999999997
1079255,-1095.18780346403,-175.018660477328,1753.83999999997,-1352.18780346403,-527.018660477329,1509.99999999997
1079259,-776.785582655684,-449.165588875454,1753.83999999997,-1141.29558265568,-836.018660476935,1509.99999999997
1079262,-844.6571594807,-175.018660476934,1753.83999999997,-987.187803464033,-449.165588875455,1509.99999999997
1079377,-1582.43512710126,1409.23615333254,2055.83999999997,-1932.43414777782,1114.23615333254,1811.99999999997
1079379,-1582.43512710129,1104.23615333254,2055.83999999997,-1932.43414777608,809.236153332538,1811.99999999997
1079381,-1625.48248081527,799.236153332539,2055.83999999997,-1780.48248081527,603.707923769242,1811.99999999997
1079388,465.241381087738,108.554025080016,2055.83999999997,93.7968624607144,-201.445974919952,1811.99999999997
1079390,-1900.04478129134,-211.445974919957,2055.83999999997,-2055.37711249186,-441.445974919957,1811.99999999997
1079392,-1614.02453070161,108.554025080025,2055.83999999997,-1985.19967421531,-201.445974919959,1811.99999999997
1079398,-299.733668186275,154.066142022947,2055.83999999997,-360.224624941291,3.99855798959555,1811.99999999997
1079399,530.418819364293,-451.445974919953,2055.83999999997,272.125223349136,-836.018660476934,1811.99999999997
1079408,535.418819364292,-211.445974919951,2055.83999999997,380.418819364292,-441.445974919953,1811.99999999997
1079410,-1407.08770983891,1764.23615333254,2055.83999999997,-1787.43414777823,1304.23615333254,1811.99999999997
1079412,412.206479536928,1409.23615333254,2055.83999999997,62.2074588603692,1114.23615333254,1811.99999999997
1079414,267.206479537335,1764.23615333254,2055.83999999997,-113.139958401982,1304.23615333254,1811.99999999997
1079418,-62.7925411307248,1481.06614202295,2055.83999999997,-474.139958401978,1094.21026195384,1811.99999999997
1079419,412.206479535191,1104.23615333254,2055.83999999997,62.2074588603972,809.236153332538,1811.99999999997
1079421,260.254812574377,799.236153332539,2055.83999999997,105.254812574375,603.707923769242,1811.99999999997
1079435,-474.139958401977,1481.06614202295,2055.83999999997,-748.479146563784,1094.21026195384,1811.99999999997
1079440,-771.748521677107,1481.06614202295,2055.83999999997,-1047.81833472559,1107.23615333254,1811.99999999997
1079442,-1024.49400005462,1481.06614202295,2055.83999999997,-1572.43512710131,891.234758707832,1811.99999999997
1079444,272.125223349136,-444.858954688553,2055.83999999997,-142.785582655687,-836.018660476936,1811.99999999997
1079446,-466.785582655684,-469.018660476933,2055.83999999997,-766.785582655685,-836.018660476934,1811.99999999997
1079453,-1095.18780346403,-175.018660477328,2055.83999999997,-1352.18780346403,-527.018660477329,1811.99999999997
1079457,-776.785582655684,-449.165588875454,2055.83999999997,-1141.29558265568,-836.018660476935,1811.99999999997
1079460,-829.664419269853,-171.018660476934,2055.83999999997,-1095.18780346403,-449.165588875455,1811.99999999997
1079575,-1582.43512710126,1409.23615333254,2357.83999999997,-1932.43414777782,1114.23615333254,2113.99999999997
1079577,-1582.43512710129,1104.23615333254,2357.83999999997,-1932.43414777608,809.236153332538,2113.99999999997
1079579,-1625.48248081527,799.236153332539,2357.83999999997,-1780.48248081527,603.707923769242,2113.99999999997
1079586,465.241381087738,108.554025080016,2357.83999999997,93.7968624607144,-201.445974919952,2113.99999999997
1079588,-1900.04478129134,-211.445974919957,2357.83999999997,-2055.37711249186,-441.445974919957,2113.99999999997
1079590,-1614.02453070161,108.554025080025,2357.83999999997,-1985.19967421531,-201.445974919959,2113.99999999997
1079596,-299.733668186275,154.066142022947,2357.83999999997,-360.224624941291,-0.933857977052758,2113.99999999997
1079597,530.418819364293,-451.445974919953,2357.83999999997,272.125223349136,-836.018660476934,2113.99999999997
1079602,-1379.18780346403,-451.445974919958,2357.83999999997,-1705.37859211189,-836.018660476932,2113.99999999997
1079606,535.418819364292,-211.445974919951,2357.83999999997,380.418819364292,-441.445974919953,2113.99999999997
1079608,-1407.08770983891,1764.23615333254,2357.83999999997,-1787.43414777823,1304.23615333254,2113.99999999997
1079610,412.206479536928,1409.23615333254,2357.83999999997,62.2074588603692,1114.23615333254,2113.99999999997
1079612,267.206479537335,1764.23615333254,2357.83999999997,-113.139958401982,1304.23615333254,2113.99999999997
1079616,-62.7925411307248,1481.06614202295,2357.83999999997,-474.139958401978,1094.21026195384,2113.99999999997
1079617,412.206479535191,1104.23615333254,2357.83999999997,62.2074588603972,809.236153332538,2113.99999999997
1079619,260.254812574377,799.236153332539,2357.83999999997,105.254812574375,603.707923769242,2113.99999999997
1079633,-474.139958401977,1481.06614202295,2357.83999999997,-748.479146563784,1094.21026195384,2113.99999999997
1079638,-771.748521677107,1481.06614202295,2357.83999999997,-1047.81833472559,1107.23615333254,2113.99999999997
1079640,-1047.81833472559,1481.06614202295,2357.83999999997,-1572.43512710131,891.234758707832,2113.99999999997
1079642,272.125223349136,-444.858954688553,2357.83999999997,-142.785582655687,-836.018660476936,2113.99999999997
1079644,-466.785582655684,-469.018660476933,2357.83999999997,-766.785582655685,-836.018660476934,2113.99999999997
1079651,-1095.18780346403,-175.018660477328,2357.83999999997,-1352.18780346403,-527.018660477329,2113.99999999997
1079653,-1151.29558265568,-537.018660477328,2357.83999999997,-1352.18780346403,-706.528660477328,2113.99999999997
1079655,-776.785582655684,-449.165588875454,2357.83999999997,-1141.29558265568,-836.018660476935,2113.99999999997
1079658,-829.664419269853,-171.018660476934,2357.83999999997,-1095.18780346403,-449.165588875455,2113.99999999997
1107472,-1582.43512710126,1409.23615333254,2659.83999999997,-1932.43414777782,1114.23615333254,2415.99999999997
1107474,-1582.43512710129,1104.23615333254,2659.83999999997,-1932.43414777608,809.236153332538,2415.99999999997
1107476,-1625.48248081527,799.236153332539,2659.83999999997,-1780.48248081527,603.707923769242,2415.99999999997
1107483,465.241381087738,108.554025080016,2659.83999999997,93.7968624607144,-201.445974919952,2415.99999999997
1107485,-1900.04478129134,-211.445974919957,2659.83999999997,-2055.37711249186,-441.445974919957,2415.99999999997
1107487,-1614.02453070161,108.554025080025,2659.83999999997,-1985.19967421531,-201.445974919959,2415.99999999997
1107493,-299.733668186275,154.066142022947,2659.83999999997,-360.224624941291,-0.933857977052758,2415.99999999997
1107494,530.418819364293,-451.445974919953,2659.83999999997,272.125223349136,-836.018660476934,2415.99999999997
1107499,-1379.18780346403,-431.235488057119,2659.83999999997,-1632.44581761283,-836.018660476932,2415.99999999997
1107501,-1632.44581761283,-439.445974919952,2659.83999999997,-2050.37711249186,-836.018660476931,2415.99999999997
1107503,535.418819364292,-211.445974919951,2659.83999999997,380.418819364292,-441.445974919953,2415.99999999997
1107505,-1407.08770983891,1764.23615333254,2659.83999999997,-1787.43414777823,1304.23615333254,2415.99999999997
1107507,412.206479536928,1409.23615333254,2659.83999999997,62.2074588603692,1114.23615333254,2415.99999999997
1107509,267.206479537335,1764.23615333254,2659.83999999997,-113.139958401982,1304.23615333254,2415.99999999997
1107513,-62.7925411307248,1481.06614202295,2659.83999999997,-468.139958401978,1094.21026195384,2415.99999999997
1107514,412.206479535191,1104.23615333254,2659.83999999997,62.2074588603972,809.236153332538,2415.99999999997
1107516,260.254812574377,799.236153332539,2659.83999999997,105.254812574375,603.707923769242,2415.99999999997
1107530,-468.139958401977,1481.06614202295,2659.83999999997,-748.479146563784,1094.21026195384,2415.99999999997
1107535,-771.748521677107,1481.06614202295,2659.83999999997,-1047.81833472559,1094.21026195384,2415.99999999997
1107537,-1047.81833472559,1481.06614202295,2659.83999999997,-1457.43512711017,1094.21026195384,2415.99999999997
1107539,272.125223349136,-444.858954688553,2659.83999999997,-142.785582655687,-836.018660476936,2415.99999999997
1107541,-466.785582655684,-469.018660476933,2659.83999999997,-766.785582655685,-836.018660476934,2415.99999999997
1107548,-1095.18780346403,-175.018660477328,2659.83999999997,-1352.18780346403,-527.018660477329,2415.99999999997
1107550,-1151.29558265568,-537.018660477328,2659.83999999997,-1352.18780346403,-706.528660477328,2415.99999999997
1107552,-776.785582655684,-449.165588875454,2659.83999999997,-1141.29558265568,-836.018660476935,2415.99999999997
1107555,-829.664419269853,-171.018660476934,2659.83999999997,-1095.18780346403,-449.165588875455,2415.99999999997
1107562,-1582.43512710126,1409.23615333254,2961.83999999997,-1932.43414777782,1114.23615333254,2717.99999999997
1107564,-1582.43512710129,1104.23615333254,2961.83999999997,-1932.43414777608,809.236153332538,2717.99999999997
1107566,-1625.48248081527,799.236153332539,2961.83999999997,-1780.48248081527,603.707923769242,2717.99999999997
1107573,465.241381087738,108.554025080016,2961.83999999997,93.7968624607144,-201.445974919952,2717.99999999997
1107575,-1900.04478129134,-211.445974919957,2961.83999999997,-2055.37711249186,-441.445974919957,2717.99999999997
1107577,-1614.02453070161,108.554025080025,2961.83999999997,-1985.19967421531,-201.445974919959,2717.99999999997
1107583,-299.733668186275,154.066142022947,2961.83999999997,-360.224624941291,-0.933857977052758,2717.99999999997
1107584,530.418819364293,-451.445974919953,2961.83999999997,272.125223349136,-836.018660476934,2717.99999999997
1107589,-1379.18780346403,-431.235488057119,2961.83999999997,-1632.44581761283,-836.018660476932,2717.99999999997
1107591,-1632.44581761283,-439.445974919952,2961.83999999997,-2050.37711249186,-836.018660476931,2717.99999999997
1107593,535.418819364292,-211.445974919951,2961.83999999997,380.418819364292,-441.445974919953,2717.99999999997
1107595,-1407.08770983891,1764.23615333254,2961.83999999997,-1787.43414777823,1304.23615333254,2717.99999999997
1107597,412.206479536928,1409.23615333254,2961.83999999997,62.2074588603692,1114.23615333254,2717.99999999997
1107599,267.206479537335,1764.23615333254,2961.83999999997,-113.139958401982,1304.23615333254,2717.99999999997
1107603,-62.7925411307248,1481.06614202295,2961.83999999997,-474.139958401978,1094.21026195384,2717.99999999997
1107604,412.206479535191,1104.23615333254,2961.83999999997,62.2074588603972,809.236153332538,2717.99999999997
1107606,260.254812574377,799.236153332539,2961.83999999997,105.254812574375,603.707923769242,2717.99999999997
1107620,-474.139958401977,1481.06614202295,2961.83999999997,-748.479146563784,1094.21026195384,2717.99999999997
1107625,-771.748521677107,1481.06614202295,2961.83999999997,-1047.81833472559,1094.21026195384,2717.99999999997
1107627,-1047.81833472559,1481.06614202295,2961.83999999997,-1457.43512711017,1094.21026195384,2717.99999999997
1107629,272.125223349136,-444.858954688553,2961.83999999997,-142.785582655687,-836.018660476936,2717.99999999997
1107631,-466.785582655684,-469.018660476933,2961.83999999997,-766.785582655685,-836.018660476934,2717.99999999997
1107638,-1095.18780346403,-175.018660477328,2961.83999999997,-1352.18780346403,-527.018660477329,2717.99999999997
1107640,-1151.29558265568,-537.018660477328,2961.83999999997,-1352.18780346403,-706.528660477328,2717.99999999997
1107642,-776.785582655684,-449.165588875454,2961.83999999997,-1141.29558265568,-836.018660476935,2717.99999999997
1107645,-829.664419269853,-171.018660476934,2961.83999999997,-1095.18780346403,-449.165588875455,2717.99999999997
1107652,-1582.43512710126,1409.23615333254,3263.83999999997,-1932.43414777782,1114.23615333254,3019.99999999997
1107654,-1582.43512710129,1104.23615333254,3263.83999999997,-1932.43414777608,809.236153332538,3019.99999999997
1107656,-1625.48248081527,799.236153332539,3263.83999999997,-1780.48248081527,603.707923769242,3019.99999999997
1107663,465.241381087738,108.554025080016,3263.83999999997,93.7968624607144,-201.445974919952,3019.99999999997
1107665,-1900.04478129134,-211.445974919957,3263.83999999997,-2055.37711249186,-441.445974919957,3019.99999999997
1107667,-1614.02453070161,108.554025080025,3263.83999999997,-1985.19967421531,-201.445974919959,3019.99999999997
1107673,-299.733668186275,154.066142022947,3263.83999999997,-360.224624941291,-0.933857977052758,3019.99999999997
1107674,530.418819364293,-451.445974919953,3263.83999999997,272.125223349136,-836.018660476934,3019.99999999997
1107679,-1379.18780346403,-431.235488057119,3263.83999999997,-1632.44581761283,-836.018660476932,3019.99999999997
1107681,-1632.44581761283,-439.445974919952,3263.83999999997,-2050.37711249186,-836.018660476931,3019.99999999997
1107683,535.418819364292,-211.445974919951,3263.83999999997,380.418819364292,-441.445974919953,3019.99999999997
1107685,-1407.08770983891,1764.23615333254,3263.83999999997,-1787.43414777823,1304.23615333254,3019.99999999997
1107687,412.206479536928,1409.23615333254,3263.83999999997,62.2074588603692,1114.23615333254,3019.99999999997
1107689,267.206479537335,1764.23615333254,3263.83999999997,-113.139958401982,1304.23615333254,3019.99999999997
1107693,-62.7925411307248,1481.06614202295,3263.83999999997,-474.139958401978,1094.21026195384,3019.99999999997
1107694,412.206479535191,1104.23615333254,3263.83999999997,62.2074588603972,809.236153332538,3019.99999999997
1107696,260.254812574377,799.236153332539,3263.83999999997,105.254812574375,603.707923769242,3019.99999999997
1107710,-474.139958401977,1481.06614202295,3263.83999999997,-748.479146563784,1094.21026195384,3019.99999999997
1107715,-771.748521677107,1481.06614202295,3263.83999999997,-1047.81833472559,1094.21026195384,3019.99999999997
1107717,-1047.81833472559,1481.06614202295,3263.83999999997,-1457.43512711017,1094.21026195384,3019.99999999997
1107719,272.125223349136,-444.858954688553,3263.83999999997,-142.785582655687,-836.018660476936,3019.99999999997
1107721,-466.785582655684,-469.018660476933,3263.83999999997,-766.785582655685,-836.018660476934,3019.99999999997
1107728,-1095.18780346403,-175.018660477328,3263.83999999997,-1352.18780346403,-527.018660477329,3019.99999999997
1107730,-1151.29558265568,-537.018660477328,3263.83999999997,-1352.18780346403,-706.528660477328,3019.99999999997
1107732,-776.785582655684,-449.165588875454,3263.83999999997,-1141.29558265568,-836.018660476935,3019.99999999997
1107735,-829.664419269853,-171.018660476934,3263.83999999997,-1095.18780346403,-449.165588875455,3019.99999999997
1107742,-1582.43512710126,1409.23615333254,3565.83999999997,-1932.43414777782,1114.23615333254,3321.99999999997
1107744,-1582.43512710129,1104.23615333254,3565.83999999997,-1932.43414777608,809.236153332538,3321.99999999997
1107746,-1625.48248081527,799.236153332539,3565.83999999997,-1780.48248081527,603.707923769242,3321.99999999997
1107753,465.241381087738,108.554025080016,3565.83999999997,93.7968624607144,-201.445974919952,3321.99999999997
1107755,-1900.04478129134,-211.445974919957,3565.83999999997,-2055.37711249186,-441.445974919957,3321.99999999997
1107757,-1614.02453070161,108.554025080025,3565.83999999997,-1985.19967421531,-201.445974919959,3321.99999999997
1107763,-299.733668186275,154.066142022947,3565.83999999997,-360.224624941291,-0.933857977052758,3321.99999999997
1107764,530.418819364293,-451.445974919953,3565.83999999997,272.125223349136,-836.018660476934,3321.99999999997
1107769,-1379.18780346403,-431.235488057119,3565.83999999997,-1632.44581761283,-836.018660476932,3321.99999999997
1107771,-1632.44581761283,-431.235488057119,3565.83999999997,-2050.37711249186,-836.018660476931,3321.99999999997
1107773,535.418819364292,-211.445974919951,3565.83999999997,380.418819364292,-441.445974919953,3321.99999999997
1107775,-1407.08770983891,1764.23615333254,3565.83999999997,-1787.43414777823,1304.23615333254,3321.99999999997
1107777,412.206479536928,1409.23615333254,3565.83999999997,62.2074588603692,1114.23615333254,3321.99999999997
1107779,267.206479537335,1764.23615333254,3565.83999999997,-113.139958401982,1304.23615333254,3321.99999999997
1107783,-62.7925411307248,1481.06614202295,3565.83999999997,-474.139958401978,1094.21026195384,3321.99999999997
1107784,412.206479535191,1104.23615333254,3565.83999999997,62.2074588603972,809.236153332538,3321.99999999997
1107786,260.254812574377,799.236153332539,3565.83999999997,105.254812574375,603.707923769242,3321.99999999997
1107800,-474.139958401977,1481.06614202295,3565.83999999997,-748.479146563784,1094.21026195384,3321.99999999997
1107805,-771.748521677107,1481.06614202295,3565.83999999997,-1047.81833472559,1094.21026195384,3321.99999999997
1107807,-1047.81833472559,1481.06614202295,3565.83999999997,-1457.43512711017,1094.21026195384,3321.99999999997
1107809,272.125223349136,-444.858954688553,3565.83999999997,-142.785582655687,-836.018660476936,3321.99999999997
1107811,-466.785582655684,-469.018660476933,3565.83999999997,-766.785582655685,-836.018660476934,3321.99999999997
1107818,-1095.18780346403,-175.018660477328,3565.83999999997,-1352.18780346403,-527.018660477329,3321.99999999997
1107820,-1151.29558265568,-537.018660477328,3565.83999999997,-1352.18780346403,-706.528660477328,3321.99999999997
1107822,-776.785582655684,-449.165588875454,3565.83999999997,-1141.29558265568,-836.018660476935,3321.99999999997
1107825,-829.664419269853,-171.018660476934,3565.83999999997,-1095.18780346403,-449.165588875455,3321.99999999997
1107832,-1582.16575198794,1409.23615333254,3867.84,-1932.43414777782,1114.23615333254,3624
1107834,-1582.16575198797,1104.23615333254,3867.84,-1932.43414777608,809.236153332538,3624
1107836,-1625.21310570194,799.236153332539,3867.84,-1780.21310570194,603.707923769243,3624
1107843,465.241381087738,108.554025080016,3867.84,94.0662375740366,-201.032995151366,3624
1107845,-1900.04478129134,-211.445974919957,3867.84,-2055.37711249186,-441.445974919957,3624
1107853,-299.733668186275,154.066142022947,3867.84,-360.224624941293,-0.933857977052758,3624
1107854,530.418819364293,-451.445974919957,3867.84,272.125223349136,-836.01866047693,3624
1107859,-1379.18780346403,-431.235488057119,3867.84,-1632.44581761283,-836.018660476932,3624
1107863,535.418819364292,-211.032995151365,3867.84,380.418819364292,-441.445974919958,3624
1107865,-1407.08770975352,1764.23615333254,3867.84,-1787.43328749426,1304.23615333254,3624
1107867,412.475854650251,1409.23615333254,3867.84,62.2074588603713,1114.23615333254,3624
1107869,267.474994366694,1764.23615333254,3867.84,-112.870583374045,1304.23615333254,3624
1107873,-62.7925411307222,1481.06614202295,3867.84,-474.139958401978,1107.23615333254,3624
1107874,412.475854648514,1104.23615333254,3867.84,62.2074588603994,809.236153332538,3624
1107876,260.254812574375,799.236153332539,3867.84,105.254812574375,603.707923769243,3624
1107890,-474.139958401977,1481.06614202295,3867.84,-748.479146563783,1107.23615333254,3624
1107895,-771.479146563785,1481.06614202295,3867.84,-1047.81833472559,1107.23615333254,3624
1107897,-1047.81833472559,1481.06614202295,3867.84,-1457.16575199685,1107.23615333254,3624
1107899,272.125223349136,-444.858954688553,3867.84,-142.785582655686,-836.018660476932,3624
1107901,-466.785582655684,-469.018660476933,3867.84,-766.785582655685,-836.018660476934,3624
1107908,-1105.18780346403,-175.018660476933,3867.84,-1352.18780346403,-527.018660477328,3624
1107912,-776.785582655684,-455.018660476935,3867.84,-1141.29558265569,-836.018660476935,3624
1107915,-829.664419269853,-171.018660476931,3867.84,-1110.18780346403,-455.018660476936,3624
1226831,-1774.83057855621,-451.445974919957,2055.83999999997,-2050.37711249186,-836.01866047693,1811.99999999997
1226834,-1379.18780346403,-431.235488057119,2055.83999999997,-1774.83057855621,-836.018660476932,1811.99999999997
1316032,-1632.44581761283,-431.235488057119,3867.84,-2050.37711249186,-836.018660476931,3624
1319184,693.61885095135,1777.23615333254,4524.84,-1220.22462494131,-861.018660476934,4281
1395427,-1244.49400005462,1294.23615333254,243.839999999992,-1932.43414777608,809.236153332537,-7.79664333094843E-12
1395429,-1582.43512710128,1409.23615333254,243.839999999992,-1932.43414777782,1114.23615333254,-7.79664333094843E-12
1395431,-1407.08770983891,1764.23615333254,243.839999999992,-1787.43414777756,1304.23615333254,-7.79664333094843E-12
1395433,-1625.48248081526,799.236153332539,243.839999999992,-1780.48248081527,603.707923769242,-7.79664333094843E-12
1395435,412.206479536929,1409.23615333255,243.839999999992,62.2074588603692,1114.23615333255,-7.79664333094843E-12
1395437,412.206479535192,1104.23615333255,243.839999999992,62.2074588603972,809.236153332538,-7.79664333094843E-12
1395441,260.254812574375,799.236153332539,243.839999999992,105.254812574375,603.707923769242,-7.79664333094843E-12
1395443,-927.479146563785,1481.06475870784,243.839999999992,-1457.16575199684,908.066142022949,-7.79664333094843E-12
1395447,-166.785582655685,-361.018660476931,243.839999999992,-355.224624941294,-725.518660476938,-7.79664333094843E-12
1395449,-1379.18780346403,-451.445974919958,243.839999999992,-2050.37711249186,-836.01866047694,-7.79664333094843E-12
1395451,-1624.0245307016,116.554025080039,243.839999999992,-2145.63826417061,-426.445974919958,-7.79664333094843E-12
1395453,-1240.49400005462,281.566142022948,243.839999999992,-1594.02453070161,3.99855798959318,-7.79664333094843E-12
1395457,267.206479536709,1764.23615333255,243.839999999992,-113.139958401981,1304.23615333255,-7.79664333094843E-12
1395459,-62.7925411307243,1481.06614202295,243.839999999992,-494.479549466887,1094.23475870783,-7.79664333094843E-12
1395463,625.54696503342,118.555765507072,243.839999999992,320.22950266667,-836.019107490132,-7.79664333094843E-12
1400229,412.206479535191,1104.23615333254,545.839999999967,62.2074588603972,809.236153332538,301.999999999967
1400231,412.206479536928,1409.23615333254,545.839999999967,62.2074588603692,1114.23615333254,301.999999999967
1400233,267.206479537335,1764.23615333254,545.839999999967,-113.139958401982,1304.23615333254,301.999999999967
1400235,-1407.08770983891,1764.23615333254,545.839999999967,-1787.43414777823,1304.23615333254,301.999999999967
1400237,-1582.43512710126,1409.23615333254,545.839999999967,-1932.43414777782,1114.23615333254,301.999999999967
1400239,-1582.43512710129,1104.23615333254,545.839999999967,-1932.43414777608,809.236153332538,301.999999999967
1400241,-1625.48248081527,799.236153332539,545.839999999967,-1780.48248081527,603.707923769242,301.999999999967
1400243,-771.748521677107,1481.06614202295,545.839999999967,-1021.74811877401,1136.06475870781,301.999999999967
1400245,-1021.74811877401,1481.06614202295,545.839999999967,-1457.43512711017,1094.23475870783,301.999999999967
1400247,-498.479549466879,1481.06614202295,545.839999999967,-748.479146563784,1136.06475870781,301.999999999967
1400249,-62.7925411307248,1481.06614202295,545.839999999967,-498.479549466879,1094.23475870783,301.999999999967
1400251,260.254812574377,799.236153332539,545.839999999967,105.254812574375,603.707923769242,301.999999999967
1400254,-1614.02453070161,108.554025080025,545.839999999967,-1985.19967421531,-201.445974919959,301.999999999967
1400256,-1900.37711249186,-211.445974919957,545.839999999967,-2055.37711249186,-441.445974919957,301.999999999967
1400258,-1830.37711249186,-451.445974919957,545.839999999967,-2050.37711249186,-836.01866047693,301.999999999967
1400260,-1379.18780346403,-426.445974919958,545.839999999967,-1830.37711249186,-836.018660476932,301.999999999967
1401309,-1379.18780346403,-196.001442010405,243.839999999992,-1705.04780346403,-501.01866047694,-7.79664333094843E-12
2374165,-355.224624941293,-151.018660476935,243.839999999992,-1359.18780346403,-706.018660476943,-7.79664333094843E-12
2588942,-146.909333515309,1864.06614202294,847.839999999967,-523.13995840199,1528.06614202295,603.999999999967
2588944,-997.087709838847,1864.06614202294,847.839999999967,-1373.31833472558,1528.06614202295,603.999999999967
2589147,-830.154419269853,-175.018660476934,847.839999999967,-979.224624941291,-355.018660476935,603.999999999967
2589150,-375.22462494129,578.998557989591,847.839999999967,-605.494000054611,48.9985579895904,603.999999999967
2589153,154.229510336465,-883.018660476934,847.839999999967,-145.770489663538,-1091.01866047694,603.999999999967
2589156,-844.184372805427,-883.018660476934,847.839999999967,-1154.18437280543,-1092.01866047693,603.999999999967
2589159,-1366.18780346403,-883.01866047693,847.839999999967,-1674.18780346403,-1092.01866047693,603.999999999967
2589225,48.5045981209309,-195.268660476933,847.839999999967,-142.785582655686,-431.235488057124,603.999999999967
2589232,-1379.18780346403,-195.268660476936,847.839999999967,-1577.0245307016,-431.23548805712,603.999999999967
2589240,-771.748521677107,1136.06475870782,847.839999999967,-1120.21754035181,908.066142022949,603.999999999967
2589243,-365.224624941289,1136.06475870781,847.839999999967,-748.479146563784,908.066142022949,603.999999999967
2589268,-1366.18780346403,-883.01866047693,545.839999999967,-1674.18780346403,-1092.01866047693,301.999999999967
2589271,-997.087709838847,1864.06614202294,545.839999999967,-1372.08770983891,1528.06614202295,301.999999999967
2589274,-148.139958401979,1864.06614202294,545.839999999967,-523.13995840199,1528.06614202295,301.999999999967
2589277,-375.373869654901,578.679433910671,545.839999999967,-605.643244768221,48.6794339106711,301.999999999967
2589409,-498.479549466875,1136.06475870781,545.839999999967,-748.479146563784,908.066142022949,301.999999999967
2589412,-1379.18780346403,-191.445974919959,545.839999999967,-1559.02453070161,-426.445974919959,301.999999999967
2589691,-1366.18780346403,-883.01866047693,1149.83999999997,-1674.18780346403,-1092.01866047693,905.999999999967
2589694,-844.184372805427,-883.018660476934,1149.83999999997,-1154.18437280543,-1092.01866047693,905.999999999967
2589706,154.229510336465,-883.018660476934,1149.83999999997,-145.770489663538,-1091.01866047694,905.999999999967
2591081,-375.224624941292,579.001604318465,4184.84,-605.494000054612,48.9985579895894,3941
2592088,-494.479549466887,1481.06614202295,243.839999999992,-748.479146563786,1136.06614202295,-7.79664333094843E-12
2592091,-494.479549466887,1136.06614202295,243.839999999992,-748.479146563786,912.066142022948,-7.79664333094843E-12
2654677,-270.154419269853,-171.018660476937,3867.84,-439.664419269853,-311.018660476931,3624
2656284,-1366.18780346403,-883.01866047693,3867.84,-1674.18780346403,-1092.01866047693,3624
2656287,-844.184372805427,-883.018660476934,3867.84,-1154.18437280543,-1092.01866047693,3624
2656290,152.229510336464,-883.01866047693,3867.84,-147.770489663538,-1091.01866047693,3624
2656293,-147.870583374044,1864.06614202294,3867.84,-523.13998028372,1528.06614202295,3624
2656296,-996.818334725586,1864.06614202294,3867.84,-1372.08770975352,1510.70322299869,3624
2656477,-1614.02453070161,108.55402508001,3867.84,-1985.19967421531,-201.445974919959,3624
2692896,185.42029898432,-275.933857977051,1451.83999999997,-142.770489663537,-444.858954688554,1207.99999999997
2692920,-1421.675607053,-311.018660476931,1451.83999999997,-1643.98594861044,-431.23548805712,1207.99999999997
2693326,-538.479146563784,1107.23615333254,1451.83999999997,-748.479146563784,912.066142022947,1207.99999999997
2693482,-771.748521677107,1107.23615333254,1451.83999999997,-1004.42869589061,912.066142022948,1207.99999999997
2694072,-504.370377925252,1094.21026195384,1753.83999999997,-748.479146563784,913.602338807705,1509.99999999997
2694075,-773.512188449019,1094.21026195384,1753.83999999997,-1047.81833472559,913.602338807705,1509.99999999997
2694156,185.42029898432,-177.007535699605,1753.83999999997,-140.770489663537,-444.858954688554,1509.99999999997
2694226,-1383.81833472559,-161.018660476906,1753.83999999997,-1607.52453070161,-431.23548805712,1509.99999999997
2694241,154.229510336465,-883.018660476934,1451.83999999997,-145.770489663538,-1091.01866047694,1207.99999999997
2694244,-844.184372805427,-883.018660476934,1451.83999999997,-1154.18437280543,-1092.01866047693,1207.99999999997
2694247,-1366.18780346403,-883.01866047693,1451.83999999997,-1674.18780346403,-1092.01866047693,1207.99999999997
2694250,-148.139958401981,1864.06614202294,1451.83999999997,-521.139964843146,1528.06614202295,1207.99999999997
2694253,-998.818334725587,1864.06614202294,1451.83999999997,-1372.08770983891,1510.70322299869,1207.99999999997
2694259,-998.818334725587,1864.06614202294,1753.83999999997,-1372.08770983891,1510.70322299869,1509.99999999997
2694262,-148.139958401981,1864.06614202294,1753.83999999997,-521.139964843146,1528.06614202295,1509.99999999997
2694265,154.229510336465,-883.018660476934,1753.83999999997,-145.770489663538,-1091.01866047694,1509.99999999997
2694268,-844.184372805427,-883.018660476934,1753.83999999997,-1154.18437280543,-1092.01866047693,1509.99999999997
2694271,-1366.18780346403,-883.01866047693,1753.83999999997,-1674.18780346403,-1092.01866047693,1509.99999999997
2694277,-998.818334725587,1864.06614202294,2055.83999999997,-1372.08770983891,1510.70322299869,1811.99999999997
2694280,-148.139958401981,1864.06614202294,2055.83999999997,-521.139964843146,1528.06614202295,1811.99999999997
2694283,-844.184372805427,-883.018660476934,2055.83999999997,-1154.18437280543,-1092.01866047693,1811.99999999997
2694286,154.229510336465,-883.018660476934,2055.83999999997,-145.770489663538,-1091.01866047694,1811.99999999997
2694289,-1366.18780346403,-883.01866047693,2055.83999999997,-1674.18780346403,-1092.01866047693,1811.99999999997
2694295,154.229510336465,-883.018660476934,2357.83999999997,-145.770489663538,-1091.01866047694,2113.99999999997
2694298,-844.184372805427,-883.018660476934,2357.83999999997,-1154.18437280543,-1092.01866047693,2113.99999999997
2694301,-1366.18780346403,-883.01866047693,2357.83999999997,-1674.18780346403,-1092.01866047693,2113.99999999997
2694304,-148.139958401981,1864.06614202294,2357.83999999997,-521.139964843146,1528.06614202295,2113.99999999997
2694307,-998.818334725587,1864.06614202294,2357.83999999997,-1372.08770983891,1510.70322299869,2113.99999999997
2694337,154.229510336465,-883.018660476934,2659.83999999997,-145.770489663538,-1091.01866047694,2415.99999999997
2694340,-844.184372805427,-883.018660476934,2659.83999999997,-1154.18437280543,-1092.01866047693,2415.99999999997
2694343,-1366.18780346403,-883.01866047693,2659.83999999997,-1674.18780346403,-1092.01866047693,2415.99999999997
2694346,-148.139958401981,1864.06614202294,2659.83999999997,-521.139964843146,1528.06614202295,2415.99999999997
2694349,-998.818334725587,1864.06614202294,2659.83999999997,-1372.08770983891,1510.70322299869,2415.99999999997
2694355,-148.139958401981,1864.06614202294,2961.83999999997,-521.139964843146,1528.06614202295,2717.99999999997
2694358,-998.818334725587,1864.06614202294,2961.83999999997,-1372.08770983891,1510.70322299869,2717.99999999997
2694361,154.229510336465,-883.018660476934,2961.83999999997,-145.770489663538,-1091.01866047694,2717.99999999997
2694364,-844.184372805427,-883.018660476934,2961.83999999997,-1154.18437280543,-1092.01866047693,2717.99999999997
2694367,-1366.18780346403,-883.01866047693,2961.83999999997,-1674.18780346403,-1092.01866047693,2717.99999999997
2694373,-148.139958401982,1864.23615333248,3263.83999999997,-521.139964843146,1528.06614202295,3019.99999999997
2694376,-998.818334725587,1864.06614202294,3263.83999999997,-1372.08770983891,1510.70322299869,3019.99999999997
2694379,154.229510336465,-883.018660476934,3263.83999999997,-145.770489663538,-1091.01866047694,3019.99999999997
2694382,-844.184372805427,-883.018660476934,3263.83999999997,-1154.18437280543,-1092.01866047693,3019.99999999997
2694385,-1366.18780346403,-883.01866047693,3263.83999999997,-1674.18780346403,-1092.01866047693,3019.99999999997
2694817,-998.818334725587,1864.06614202294,3565.83999999997,-1372.08770983891,1510.70322299869,3321.99999999997
2694820,-148.139958401981,1864.06614202294,3565.83999999997,-521.139964843146,1528.06614202295,3321.99999999997
2694823,154.229510336465,-883.018660476934,3565.83999999997,-145.770489663538,-1091.01866047694,3321.99999999997
2694826,-844.184372805427,-883.018660476934,3565.83999999997,-1154.18437280543,-1092.01866047693,3321.99999999997
2694829,-1366.18780346403,-883.01866047693,3565.83999999997,-1674.18780346403,-1092.01866047693,3321.99999999997
2695592,-1379.18780346403,-198.583876238688,2055.83999999997,-1705.37859211189,-431.23548805712,1811.99999999997
2695595,87.5662375740346,-125.933857977054,2055.83999999997,-138.77630642347,-444.858954688553,1811.99999999997
2695717,-771.748521677107,1107.23615333254,2055.83999999997,-1024.49400005462,912.066142022948,1811.99999999997
2695720,-495.733668186275,1094.21026195384,2055.83999999997,-748.479146563784,910.066142022948,1811.99999999997
2695792,-345.22462494129,1094.21026195384,2357.83999999997,-748.479146563784,910.066142022948,2113.99999999997
2695795,-771.748521677107,1107.23615333254,2357.83999999997,-1220.49400005462,912.066142022948,2113.99999999997
2695855,83.7968624607145,-177.308231900335,2357.83999999997,-142.785582655686,-444.858954688553,2113.99999999997
2696084,87.5662375740346,-158.830310130163,2659.83999999997,-142.785582655686,-444.858954688553,2415.99999999997
2696087,-1379.18780346403,-170.568609817693,2659.83999999997,-1609.02453070161,-431.23548805712,2415.99999999997
2696149,-495.733668186275,1094.21026195384,2659.83999999997,-748.479146563784,910.066142022948,2415.99999999997
2696152,-771.748521677107,1094.21026195384,2659.83999999997,-1024.49400005462,910.066142022948,2415.99999999997
2696450,-1377.18780346403,-161.018660476906,2961.83999999997,-1609.02453070161,-431.23548805712,2717.99999999997
2696486,87.5662375740346,-187.538856787016,2961.83999999997,-142.770489663536,-444.858954688553,2717.99999999997
2696563,-495.733668186275,1094.21026195384,2961.83999999997,-748.479146563784,912.066142022948,2717.99999999997
2696566,-771.748521677107,1094.21026195384,2961.83999999997,-1010.50308987811,910.066142022948,2717.99999999997
2696695,87.566237574035,-178.973676414309,3263.83999999997,-140.770489663537,-444.858954688553,3019.99999999997
2696740,-1379.18780346403,-161.018660476906,3263.83999999997,-1609.02453070161,-431.23548805712,3019.99999999997
2696955,-771.748521677107,1094.21026195384,3263.83999999997,-1024.49400005462,910.066142022948,3019.99999999997
2696987,-528.644929303434,1094.21026195384,3263.83999999997,-748.479146563784,912.066142022948,3019.99999999997
2697066,-539.023201052279,1094.21026195384,3565.83999999997,-748.479146563784,910.066142022948,3321.99999999997
2697069,-771.748521677107,1094.21026195384,3565.83999999997,-993.936862336387,910.066142022948,3321.99999999997
2697134,-1379.18780346403,-161.018660476906,3565.83999999997,-1607.52453070161,-431.23548805712,3321.99999999997
2697137,88.7968624607144,-161.018660476911,3565.83999999997,-136.139958401984,-444.858954688553,3321.99999999997
2697304,87.566237574035,-171.677133487411,3867.84,-142.770489663537,-444.858954688553,3624
2697307,-1379.18780346403,-171.677133487409,3867.84,-1607.52453070161,-431.23548805712,3624
2697310,-305.224624941291,1107.23615333254,3867.84,-748.479146563783,912.06614202295,3624
2697313,-771.479146563785,1107.23615333254,3867.84,-1175.49400005462,912.06614202295,3624
2697359,-738.790845925031,-581.01866047693,4184.84,-1207.49400005462,-834.018660476929,3941
2697390,-429.139958401982,1481.06475870784,4184.84,-689.209771450461,1211.06475870784,3941
2697455,530.418819364292,-211.032995151365,4184.84,375.418819364292,-471.032995151365,3941
2843818,-771.748521677107,1136.06475870782,545.839999999967,-1140.49400005461,908.066142022949,301.999999999967
2960590,-1220.49400005461,1219.23615333254,243.839999999992,-1457.16575199684,898.066142022948,-7.79664333094843E-12
3499315,-59.1434277152837,817.066142022948,4524.84,-353.733668186274,184.066142022948,4281
3499318,93.8591629441403,817.066142022947,4524.84,-39.1434277152847,184.066142022947,4281
3499321,93.8598789959933,164.066142022948,4524.84,-279.733668186277,6.06614202294707,4281
3907958,-1797.43414777822,1781.73615333264,847.839999999967,-1949.93414778002,1419.23615333254,603.999999999967
3907960,-1120.21754035181,1294.23615333254,847.839999999967,-1572.43512710131,891.234758707832,603.999999999967
3907962,-1354.49400005462,979.234758707832,847.839999999967,-1457.43512711017,809.234758707832,603.999999999967
3907964,-1244.49400005461,898.066142022948,847.839999999967,-1344.49400005462,603.707923769244,603.999999999967
3907966,-1354.49400005462,881.234758707832,847.839999999967,-1615.48248081527,610.707923769244,603.999999999967
3907968,412.206479538836,1764.23615333254,847.839999999967,277.206479537334,1419.23615333254,603.999999999967
3907970,52.2074588604168,1294.23615333254,847.839999999967,-365.22462494129,891.234758707832,603.999999999967
3907972,-375.224624941289,888.066142022949,847.839999999967,-1220.49400005462,598.99855798959,603.999999999967
3907974,-915.22462494129,733.06614202295,847.839999999967,-1220.49400005462,3.99855798959115,603.999999999967
3907976,-1375.18780346403,-15.9338579770506,847.839999999967,-1705.37859211189,-431.235488057119,603.999999999967
3907978,-1715.37859211189,-211.445974919958,847.839999999967,-1890.37711249186,-441.445974919958,603.999999999967
3907980,-1995.19967421531,108.554025080026,847.839999999967,-2130.63826215295,-201.445974919957,603.999999999967
3907982,-166.785582655685,28.9985579895911,847.839999999967,-1355.18780346403,-151.018660476938,603.999999999967
3907984,-270.154419269853,-171.018660476937,847.839999999967,-439.664419269853,-311.018660476931,603.999999999967
3907986,-704.620405387414,-175.018660476935,847.839999999967,-820.154419269854,-345.018660476934,603.999999999967
3907988,-466.785582655685,-355.018660476933,847.839999999967,-774.665567775927,-454.018660476934,603.999999999967
3907990,-979.224624941291,-171.018660476934,847.839999999967,-1098.67170176009,-355.018660476934,603.999999999967
3907992,185.42029898432,-15.9338579770644,847.839999999967,-146.785582655685,-431.235488057125,603.999999999967
3907994,370.418819364292,-211.445974919951,847.839999999967,195.42029898432,-441.445974919963,603.999999999967
3907996,610.54193115702,108.554025080016,847.839999999967,475.241381087738,-201.445974919961,603.999999999967
3907998,-625.49400005461,578.998557989592,847.839999999967,-895.22462494129,48.9985579895912,603.999999999967
3908000,95.2548125743755,881.234758707832,847.839999999967,-165.733668186275,610.707923769244,603.999999999967
3908002,-62.7925411307252,979.234758707832,847.839999999967,-165.733668186275,809.234758707832,603.999999999967
3908079,-1797.43414777822,1781.73615333264,1451.83999999997,-1949.93414778002,1419.23615333254,1207.99999999997
3908081,-1354.49400005462,881.234758707832,1451.83999999997,-1615.48248081527,610.707923769244,1207.99999999997
3908083,-1354.49400005462,979.234758707832,1451.83999999997,-1457.43512711017,809.234758707832,1207.99999999997
3908085,-1244.49400005461,908.066142022951,1451.83999999997,-1344.49400005462,603.707923769244,1207.99999999997
3908087,-375.22462494129,888.066142022949,1451.83999999997,-1220.49400005462,598.99855798959,1207.99999999997
3908089,-915.22462494129,733.06614202295,1451.83999999997,-1220.49400005462,3.99855798959115,1207.99999999997
3908091,-625.49400005461,578.998557989592,1451.83999999997,-895.22462494129,48.9985579895912,1207.99999999997
3908093,-375.22462494129,578.998557989591,1451.83999999997,-605.494000054611,48.9985579895904,1207.99999999997
3908095,-166.785582655685,28.9985579895911,1451.83999999997,-1355.18780346403,-151.018660476938,1207.99999999997
3908097,-1375.18780346403,-15.9338579770506,1451.83999999997,-1705.37859211189,-431.23548805712,1207.99999999997
3908099,-1715.37859211189,-211.445974919958,1451.83999999997,-1890.37711249186,-441.445974919958,1207.99999999997
3908101,-1151.29558265568,-537.018660477328,1451.83999999997,-1352.18780346403,-706.528660477328,1207.99999999997
3908103,-704.620405387414,-175.018660476935,1451.83999999997,-820.154419269854,-345.018660476934,1207.99999999997
3908105,-466.785582655685,-355.018660476933,1451.83999999997,-829.664419269853,-454.018660476934,1207.99999999997
3908107,-479.664419269853,-171.018660476933,1451.83999999997,-694.620405387415,-345.018660476934,1207.99999999997
3908109,-270.154419269853,-171.018660476937,1451.83999999997,-439.664419269853,-311.018660476931,1207.99999999997
3908215,185.42029898432,-15.9338579770644,1451.83999999997,-146.785582655685,-275.933857977051,1207.99999999997
3908217,370.418819364292,-211.445974919951,1451.83999999997,195.42029898432,-441.445974919963,1207.99999999997
3908219,610.54193115702,108.554025080016,1451.83999999997,475.241381087738,-201.445974919961,1207.99999999997
3908236,-1797.43414777822,1781.73615333264,1753.83999999997,-1949.93414778002,1419.23615333254,1509.99999999997
3908238,-1047.81833472559,1294.23615333254,1753.83999999997,-1572.43512710131,891.234758707832,1509.99999999997
3908240,-1354.49400005462,881.234758707832,1753.83999999997,-1615.48248081527,610.707923769244,1509.99999999997
3908242,-1354.49400005462,979.234758707832,1753.83999999997,-1457.43512711017,809.234758707832,1509.99999999997
3908244,-1244.49400005461,908.066142022951,1753.83999999997,-1344.49400005462,603.707923769244,1509.99999999997
3908246,-375.22462494129,888.066142022949,1753.83999999997,-1220.49400005462,598.99855798959,1509.99999999997
3908248,52.2074588604168,1294.23615333254,1753.83999999997,-504.370377925252,891.234758707832,1509.99999999997
3908250,95.2548125743755,881.234758707832,1753.83999999997,-165.733668186275,610.707923769244,1509.99999999997
3908252,-62.7925411307252,979.234758707832,1753.83999999997,-165.733668186275,809.234758707832,1509.99999999997
3908254,-175.733668186275,908.066142022951,1753.83999999997,-275.733668186276,603.707923769244,1509.99999999997
3908256,-375.22462494129,578.998557989591,1753.83999999997,-605.494000054611,48.9985579895904,1509.99999999997
3908258,-915.22462494129,733.06614202295,1753.83999999997,-1220.49400005462,3.99855798959115,1509.99999999997
3908260,-625.49400005461,578.998557989592,1753.83999999997,-895.22462494129,48.9985579895912,1509.99999999997
3908262,-1375.18780346403,-15.9338579770506,1753.83999999997,-1604.02453070161,-161.018660476906,1509.99999999997
3908264,-166.785582655685,28.9985579895911,1753.83999999997,-1355.18780346403,-151.018660476938,1509.99999999997
3908266,-1607.52453070161,-211.445974919958,1753.83999999997,-1705.37859211189,-431.23548805712,1509.99999999997
3908268,-1715.37859211189,-211.445974919958,1753.83999999997,-1890.37711249186,-441.445974919958,1509.99999999997
3908270,-1151.29558265568,-537.018660477328,1753.83999999997,-1352.18780346403,-706.528660477328,1509.99999999997
3908276,-987.187803464033,-171.018660476934,1753.83999999997,-1095.18780346403,-449.165588875455,1509.99999999997
3908287,-1995.19967421531,108.554025080026,1753.83999999997,-2130.63826215295,-201.445974919957,1509.99999999997
3908289,-479.664419269853,-171.018660476933,1753.83999999997,-694.620405387415,-345.018660476934,1509.99999999997
3908291,-704.620405387414,-175.018660476935,1753.83999999997,-820.154419269854,-345.018660476934,1509.99999999997
3908293,-466.785582655685,-355.018660476933,1753.83999999997,-829.664419269853,-454.018660476934,1509.99999999997
3908295,-270.154419269853,-171.018660476937,1753.83999999997,-439.664419269853,-311.018660476931,1509.99999999997
3908297,83.7968624607145,-15.9338579770644,1753.83999999997,-146.785582655685,-177.007535699605,1509.99999999997
3908337,370.418819364292,-211.445974919951,1753.83999999997,195.42029898432,-441.445974919963,1509.99999999997
3908339,610.54193115702,108.554025080016,1753.83999999997,475.241381087738,-201.445974919961,1509.99999999997
3908341,412.206479538836,1764.23615333254,1753.83999999997,277.206479537334,1419.23615333254,1509.99999999997
3908355,-1797.43414777822,1781.73615333264,2055.83999999997,-1949.93414778002,1419.23615333254,1811.99999999997
3908357,52.2074588604168,1294.23615333254,2055.83999999997,-495.733668186275,891.234758707832,1811.99999999997
3908359,-175.733668186275,908.066142022951,2055.83999999997,-275.733668186276,603.707923769244,1811.99999999997
3908361,95.2548125743755,881.234758707832,2055.83999999997,-165.733668186275,610.707923769244,1811.99999999997
3908363,-62.7925411307252,979.234758707832,2055.83999999997,-165.733668186275,809.234758707832,1811.99999999997
3908423,412.206479538836,1764.23615333254,2055.83999999997,277.206479537334,1419.23615333254,1811.99999999997
3908425,-375.22462494129,578.998557989591,2055.83999999997,-605.494000054611,48.9985579895904,1811.99999999997
3908427,-375.22462494129,888.066142022949,2055.83999999997,-1220.49400005462,598.99855798959,1811.99999999997
3908429,-915.22462494129,733.06614202295,2055.83999999997,-1220.49400005462,3.99855798959115,1811.99999999997
3908431,-1244.49400005461,908.066142022951,2055.83999999997,-1344.49400005462,603.707923769244,1811.99999999997
3908433,-1354.49400005462,881.234758707832,2055.83999999997,-1615.48248081527,610.707923769244,1811.99999999997
3908435,-1354.49400005462,979.234758707832,2055.83999999997,-1457.43512711017,809.234758707832,1811.99999999997
3908437,-1375.18780346403,-15.9338579770506,2055.83999999997,-1604.02453070161,-198.583876238688,1811.99999999997
3908455,-1995.19967421531,108.554025080026,2055.83999999997,-2130.63826215295,-201.445974919957,1811.99999999997
3908457,-1715.37859211189,-211.445974919958,2055.83999999997,-1890.37711249186,-441.445974919958,1811.99999999997
3908459,-166.785582655685,28.9985579895911,2055.83999999997,-1355.18780346403,-151.018660476938,1811.99999999997
3908461,-625.49400005461,578.998557989592,2055.83999999997,-895.22462494129,48.9985579895912,1811.99999999997
3908463,-1151.29558265568,-537.018660477328,2055.83999999997,-1352.18780346403,-706.528660477328,1811.99999999997
3908478,-270.154419269853,-171.018660476937,2055.83999999997,-439.664419269853,-311.018660476931,1811.99999999997
3908480,-466.785582655685,-355.018660476933,2055.83999999997,-829.664419269853,-454.018660476934,1811.99999999997
3908482,-479.664419269853,-171.018660476933,2055.83999999997,-694.620405387415,-345.018660476934,1811.99999999997
3908484,-704.620405387414,-175.018660476935,2055.83999999997,-820.154419269854,-345.018660476934,1811.99999999997
3908486,185.42029898432,-211.445974919952,2055.83999999997,87.5662375740346,-444.858954688554,1811.99999999997
3908488,370.418819364292,-211.445974919951,2055.83999999997,195.42029898432,-441.445974919963,1811.99999999997
3908490,83.7968624607144,-15.9338579770644,2055.83999999997,-146.785582655685,-125.933857977054,1811.99999999997
3908492,610.54193115702,108.554025080016,2055.83999999997,475.241381087738,-201.445974919961,1811.99999999997
3908506,-1797.43414777822,1781.73615333264,2357.83999999997,-1949.93414778002,1419.23615333254,2113.99999999997
3908508,-1354.49400005462,881.234758707832,2357.83999999997,-1615.48248081527,610.707923769244,2113.99999999997
3908510,-1354.49400005462,979.234758707832,2357.83999999997,-1457.43512711017,809.234758707832,2113.99999999997
3908512,-1244.49400005461,908.066142022951,2357.83999999997,-1344.49400005462,603.707923769244,2113.99999999997
3908514,-375.224624941289,888.066142022949,2357.83999999997,-1135.49400005461,598.99855798959,2113.99999999997
3908516,-915.22462494129,733.06614202295,2357.83999999997,-1220.49400005462,3.99855798959115,2113.99999999997
3908518,-625.49400005461,578.998557989592,2357.83999999997,-895.22462494129,48.9985579895912,2113.99999999997
3908520,-375.22462494129,578.998557989591,2357.83999999997,-605.49400005461,48.9985579895904,2113.99999999997
3908522,-166.785582655685,28.9985579895911,2357.83999999997,-1355.18780346403,-151.018660476938,2113.99999999997
3908524,-1375.18780346403,-15.9338579770506,2357.83999999997,-1604.02453070161,-161.018660476906,2113.99999999997
3908526,-1715.37859211189,-211.445974919958,2357.83999999997,-1890.37711249186,-441.445974919958,2113.99999999997
3909001,-1377.18780346403,-161.018660476906,2357.83999999997,-1604.02453070161,-451.445974919959,2113.99999999997
3909003,-1604.02453070161,-211.445974919958,2357.83999999997,-1705.37859211189,-451.445974919959,2113.99999999997
3909005,-1705.37859211189,-451.445974919957,2357.83999999997,-2050.37711249186,-836.01866047693,2113.99999999997
3909007,-1995.19967421531,123.554025080026,2357.83999999997,-2148.13826215295,-201.445974919957,2113.99999999997
3909009,-466.785582655685,-355.018660476933,2357.83999999997,-829.664419269853,-454.018660476934,2113.99999999997
3909011,-704.620405387414,-175.018660476935,2357.83999999997,-820.154419269854,-345.018660476934,2113.99999999997
3909013,-479.664419269853,-171.018660476933,2357.83999999997,-694.620405387415,-345.018660476934,2113.99999999997
3909015,-270.154419269853,-171.018660476937,2357.83999999997,-439.664419269853,-311.018660476931,2113.99999999997
3909060,52.2074588604168,1294.23615333254,2357.83999999997,-345.22462494129,891.234758707832,2113.99999999997
3909062,-175.733668186275,908.066142022951,2357.83999999997,-275.733668186276,603.707923769244,2113.99999999997
3909064,-62.7925411307252,979.234758707832,2357.83999999997,-165.733668186275,809.234758707832,2113.99999999997
3909066,95.2548125743755,881.234758707832,2357.83999999997,-165.733668186275,610.707923769244,2113.99999999997
3909068,412.206479538836,1764.23615333254,2357.83999999997,277.206479537334,1419.23615333254,2113.99999999997
3909070,83.7968624607145,-15.9338579770644,2357.83999999997,-146.785582655685,-177.308231900335,2113.99999999997
3909292,185.42029898432,-211.445974919952,2357.83999999997,83.7968624607141,-444.858954688554,2113.99999999997
3909294,370.418819364292,-211.445974919951,2357.83999999997,195.42029898432,-441.445974919963,2113.99999999997
3909296,628.041931157019,123.554025080016,2357.83999999997,475.241381087738,-201.445974919961,2113.99999999997
3909311,-1797.43414777822,1781.73615333264,2659.83999999997,-1949.93414778002,1419.23615333254,2415.99999999997
3909313,-1024.49400005462,1294.23615333254,2659.83999999997,-1572.43512710131,891.234758707832,2415.99999999997
3909315,-1354.49400005462,979.234758707832,2659.83999999997,-1457.43512711017,809.234758707832,2415.99999999997
3909317,-1354.49400005462,881.234758707832,2659.83999999997,-1615.48248081527,610.707923769244,2415.99999999997
3909319,-1244.49400005461,908.066142022951,2659.83999999997,-1344.49400005462,603.707923769244,2415.99999999997
3909321,-375.22462494129,888.066142022949,2659.83999999997,-1135.49400005461,598.99855798959,2415.99999999997
3909323,52.2074588604168,1294.23615333254,2659.83999999997,-495.733668186275,891.234758707832,2415.99999999997
3909325,-175.733668186275,908.066142022951,2659.83999999997,-275.733668186276,603.707923769244,2415.99999999997
3909327,-62.7925411307252,979.234758707832,2659.83999999997,-165.733668186275,809.234758707832,2415.99999999997
3909329,95.2548125743755,881.234758707832,2659.83999999997,-165.733668186275,610.707923769244,2415.99999999997
3909331,412.206479538836,1764.23615333254,2659.83999999997,277.206479537334,1419.23615333254,2415.99999999997
3909333,-375.22462494129,578.998557989591,2659.83999999997,-605.49400005461,48.9985579895904,2415.99999999997
3909335,-915.22462494129,733.06614202295,2659.83999999997,-1220.49400005462,3.99855798959115,2415.99999999997
3909337,-625.49400005461,578.998557989592,2659.83999999997,-895.22462494129,48.9985579895912,2415.99999999997
3909339,-166.785582655685,28.9985579895911,2659.83999999997,-1355.18780346403,-151.018660476938,2415.99999999997
3909341,-704.620405387414,-175.018660476935,2659.83999999997,-820.154419269854,-345.018660476934,2415.99999999997
3909343,-466.785582655685,-355.018660476933,2659.83999999997,-829.664419269853,-454.018660476934,2415.99999999997
3909345,-479.664419269853,-171.018660476933,2659.83999999997,-694.620405387415,-345.018660476934,2415.99999999997
3909347,-270.154419269853,-171.018660476937,2659.83999999997,-439.664419269853,-311.018660476931,2415.99999999997
3909349,83.7968624607144,-15.9338579770644,2659.83999999997,-146.785582655685,-158.830310130163,2415.99999999997
3909351,-1609.02453070161,-211.445974919958,2659.83999999997,-1705.37859211189,-431.23548805712,2415.99999999997
3909353,-1715.37859211189,-211.445974919958,2659.83999999997,-1890.37711249186,-441.445974919958,2415.99999999997
3909355,-1375.18780346403,-15.9338579770506,2659.83999999997,-1604.02453070161,-170.568609817693,2415.99999999997
3909357,-1995.19967421531,123.554025080026,2659.83999999997,-2148.13826215295,-201.445974919957,2415.99999999997
3909359,628.041931157019,123.554025080016,2659.83999999997,475.241381087738,-201.445974919961,2415.99999999997
3909361,185.42029898432,-211.445974919952,2659.83999999997,87.5662375740346,-444.858954688554,2415.99999999997
3909363,370.418819364292,-211.445974919951,2659.83999999997,195.42029898432,-441.445974919963,2415.99999999997
3909399,-1797.43414777822,1781.73615333264,2961.83999999997,-1949.93414778002,1419.23615333254,2717.99999999997
3909401,-1010.50308987811,1294.23615333254,2961.83999999997,-1572.43512710131,891.234758707832,2717.99999999997
3909552,412.206479538836,1764.23615333254,2961.83999999997,277.206479537334,1419.23615333254,2717.99999999997
3909554,52.2074588604168,1294.23615333254,2961.83999999997,-495.733668186275,891.234758707832,2717.99999999997
3909556,-175.733668186275,908.066142022951,2961.83999999997,-275.733668186276,603.707923769244,2717.99999999997
3909558,-62.7925411307252,979.234758707832,2961.83999999997,-165.733668186275,809.234758707832,2717.99999999997
3909560,95.2548125743755,881.234758707832,2961.83999999997,-165.733668186275,610.707923769244,2717.99999999997
3909562,-1354.49400005462,881.234758707832,2961.83999999997,-1615.48248081527,610.707923769244,2717.99999999997
3909564,-1244.49400005461,908.066142022951,2961.83999999997,-1344.49400005462,603.707923769244,2717.99999999997
3909566,-1354.49400005462,979.234758707832,2961.83999999997,-1457.43512711017,809.234758707832,2717.99999999997
3909568,-915.22462494129,733.06614202295,2961.83999999997,-1220.49400005462,3.99855798959115,2717.99999999997
3909570,-375.22462494129,578.998557989591,2961.83999999997,-605.49400005461,48.9985579895904,2717.99999999997
3909572,-625.49400005461,578.998557989592,2961.83999999997,-895.22462494129,48.9985579895912,2717.99999999997
3909574,-375.22462494129,888.066142022949,2961.83999999997,-1135.49400005461,598.99855798959,2717.99999999997
3909576,-166.785582655685,28.9985579895911,2961.83999999997,-1355.18780346403,-151.018660476938,2717.99999999997
3909578,-270.154419269853,-171.018660476937,2961.83999999997,-439.664419269853,-311.018660476931,2717.99999999997
3909580,-1375.18780346403,-15.9338579770506,2961.83999999997,-1604.02453070161,-161.018660476906,2717.99999999997
3909582,-1609.02453070161,-211.445974919958,2961.83999999997,-1705.37859211189,-431.23548805712,2717.99999999997
3909584,-1715.37859211189,-211.445974919958,2961.83999999997,-1890.37711249186,-441.445974919958,2717.99999999997
3909586,-1995.19967421531,123.554025080026,2961.83999999997,-2148.13826215295,-201.445974919957,2717.99999999997
3909588,83.7968624607145,-15.9338579770644,2961.83999999997,-146.785582655685,-187.538856787016,2717.99999999997
3909590,-466.785582655685,-355.018660476933,2961.83999999997,-829.664419269853,-454.018660476934,2717.99999999997
3909592,-479.664419269853,-171.018660476933,2961.83999999997,-694.620405387415,-345.018660476934,2717.99999999997
3909594,-704.620405387414,-175.018660476935,2961.83999999997,-820.154419269854,-345.018660476934,2717.99999999997
3909596,185.42029898432,-211.445974919952,2961.83999999997,87.5662375740346,-444.858954688554,2717.99999999997
3909640,370.418819364292,-211.445974919951,2961.83999999997,195.42029898432,-441.445974919963,2717.99999999997
3909642,628.041931157019,123.554025080016,2961.83999999997,475.241381087738,-201.445974919961,2717.99999999997
3909743,-1024.49400005462,1294.23615333254,3263.83999999997,-1572.43512710131,891.234758707832,3019.99999999997
3909772,52.2074588604168,1294.23615333254,3263.83999999997,-528.644929303434,891.234758707832,3019.99999999997
3909774,-1797.43414777822,1781.73615333264,3263.83999999997,-1949.93414778002,1419.23615333254,3019.99999999997
3909776,412.206479538836,1764.23615333254,3263.83999999997,277.206479537334,1419.23615333254,3019.99999999997
3909778,95.2548125743755,881.234758707832,3263.83999999997,-165.733668186275,610.707923769244,3019.99999999997
3909780,-62.7925411307252,979.234758707832,3263.83999999997,-165.733668186275,809.234758707832,3019.99999999997
3909782,-175.733668186275,908.066142022951,3263.83999999997,-275.733668186276,603.707923769244,3019.99999999997
3909784,-1354.49400005462,881.234758707832,3263.83999999997,-1615.48248081527,610.707923769244,3019.99999999997
3909786,-1354.49400005462,979.234758707832,3263.83999999997,-1457.43512711017,809.234758707832,3019.99999999997
3909788,-1244.49400005461,908.066142022951,3263.83999999997,-1344.49400005462,603.707923769244,3019.99999999997
3909790,-375.22462494129,888.066142022949,3263.83999999997,-1135.49400005461,598.99855798959,3019.99999999997
3909792,-915.22462494129,733.06614202295,3263.83999999997,-1220.49400005462,3.99855798959115,3019.99999999997
3909794,-625.49400005461,578.998557989592,3263.83999999997,-895.22462494129,48.9985579895912,3019.99999999997
3909796,-375.22462494129,578.998557989591,3263.83999999997,-605.49400005461,48.9985579895904,3019.99999999997
3909798,-166.785582655685,28.9985579895911,3263.83999999997,-1355.18780346403,-151.018660476938,3019.99999999997
3909800,-1375.18780346403,-15.9338579770506,3263.83999999997,-1604.02453070161,-161.018660476906,3019.99999999997
3909802,-1609.02453070161,-211.445974919958,3263.83999999997,-1705.37859211189,-431.23548805712,3019.99999999997
3909804,-1715.37859211189,-211.445974919958,3263.83999999997,-1890.37711249186,-441.445974919958,3019.99999999997
3909847,-704.620405387414,-175.018660476935,3263.83999999997,-820.154419269854,-345.018660476934,3019.99999999997
3909849,-479.664419269853,-171.018660476933,3263.83999999997,-694.620405387415,-345.018660476934,3019.99999999997
3909851,-466.785582655685,-355.018660476933,3263.83999999997,-829.664419269853,-454.018660476934,3019.99999999997
3909853,-270.154419269853,-171.018660476937,3263.83999999997,-439.664419269853,-311.018660476931,3019.99999999997
3909855,83.7968624607145,-15.9338579770644,3263.83999999997,-146.785582655685,-178.973676414309,3019.99999999997
3909857,185.42029898432,-211.445974919952,3263.83999999997,87.566237574035,-444.858954688554,3019.99999999997
3909859,370.418819364292,-211.445974919951,3263.83999999997,195.42029898432,-441.445974919963,3019.99999999997
3909861,628.041931157019,123.554025080016,3263.83999999997,475.241381087738,-201.445974919961,3019.99999999997
3909863,-1995.19967421531,123.554025080026,3263.83999999997,-2148.13826215295,-201.445974919957,3019.99999999997
3909883,-1797.43414777822,1781.73615333264,3565.83999999997,-1949.93414778002,1419.23615333254,3321.99999999997
3909952,52.2074588604168,1294.23615333254,3565.83999999997,-539.023201052279,891.234758707832,3321.99999999997
3909954,-175.733668186275,908.066142022951,3565.83999999997,-275.733668186276,603.707923769244,3321.99999999997
3909956,-62.7925411307252,979.234758707832,3565.83999999997,-165.733668186275,809.234758707832,3321.99999999997
3909958,95.2548125743755,881.234758707832,3565.83999999997,-165.733668186275,610.707923769244,3321.99999999997
3909960,412.206479538836,1764.23615333254,3565.83999999997,277.206479537334,1419.23615333254,3321.99999999997
3909962,-993.936862336387,1294.23615333254,3565.83999999997,-1572.43512710131,891.234758707832,3321.99999999997
3909964,-1354.49400005462,979.234758707832,3565.83999999997,-1457.43512711017,809.234758707832,3321.99999999997
3909966,-1354.49400005462,881.234758707832,3565.83999999997,-1615.48248081527,610.707923769244,3321.99999999997
3909968,-1244.49400005461,908.066142022951,3565.83999999997,-1344.49400005462,603.707923769244,3321.99999999997
3909970,-375.22462494129,888.066142022949,3565.83999999997,-1135.49400005461,598.99855798959,3321.99999999997
3909972,-915.22462494129,733.06614202295,3565.83999999997,-1220.49400005462,3.99855798959115,3321.99999999997
3909974,-625.49400005461,578.998557989592,3565.83999999997,-895.22462494129,48.9985579895912,3321.99999999997
3909976,-375.22462494129,578.998557989591,3565.83999999997,-605.49400005461,48.9985579895904,3321.99999999997
3909978,-1375.18780346403,-15.9338579770506,3565.83999999997,-1604.02453070161,-161.018660476906,3321.99999999997
3909980,-1607.52453070161,-211.445974919958,3565.83999999997,-1705.37859211189,-431.23548805712,3321.99999999997
3909982,-166.785582655685,28.9985579895911,3565.83999999997,-1355.18780346403,-151.018660476938,3321.99999999997
3909984,-1715.37859211189,-211.445974919958,3565.83999999997,-1890.37711249186,-441.445974919958,3321.99999999997
3909986,-1995.19967421531,123.554025080026,3565.83999999997,-2148.13826215295,-201.445974919957,3321.99999999997
3909988,-466.785582655685,-355.018660476933,3565.83999999997,-829.664419269853,-454.018660476934,3321.99999999997
3909990,-479.664419269853,-171.018660476933,3565.83999999997,-694.620405387415,-345.018660476934,3321.99999999997
3909992,-704.620405387414,-175.018660476935,3565.83999999997,-820.154419269854,-345.018660476934,3321.99999999997
3909994,-270.154419269853,-171.018660476937,3565.83999999997,-439.664419269853,-311.018660476931,3321.99999999997
3909996,83.7968624607144,-15.9338579770644,3565.83999999997,-146.785582655685,-161.018660476911,3321.99999999997
3909998,185.42029898432,-211.445974919952,3565.83999999997,88.7968624607144,-444.858954688554,3321.99999999997
3910000,370.418819364292,-211.445974919951,3565.83999999997,195.42029898432,-441.445974919963,3321.99999999997
3910002,628.041931157019,123.554025080016,3565.83999999997,475.241381087738,-201.445974919961,3321.99999999997
3910016,-1797.43328749426,1781.73615333264,3867.84,-1949.93414777994,1419.23615333254,3624
3910018,-1175.49400005462,1294.23615333254,3867.84,-1572.16575198799,888.755456351781,3624
3910020,-1354.49400005461,878.755456351782,3867.84,-1615.21310570194,610.707923769243,3624
3910022,-1354.49400005462,979.234758707832,3867.84,-1457.16575198798,809.234758707832,3624
3910024,-1244.22462494129,908.066142022951,3867.84,-1344.49400005462,603.707923769244,3624
3910026,-375.224624941291,888.06614202295,3867.84,-1135.49400005462,598.998557989589,3624
3910028,52.2074588604192,1294.23615333254,3867.84,-305.224624941291,888.755456351781,3624
3910030,-175.464293072953,908.066142022951,3867.84,-275.733668186274,603.707923769244,3624
3910032,95.2548125743755,878.755456351782,3867.84,-165.464293072953,610.707923769243,3624
3910034,-62.79254113959,979.234758707832,3867.84,-165.464293072953,809.234758707832,3624
3910036,412.475854652158,1764.23615333254,3867.84,277.474994366693,1419.23615333254,3624
3910038,-375.224624941292,578.99855798959,3867.84,-605.494000054612,48.9985579895894,3624
3910040,-915.224624941292,733.06614202295,3867.84,-1220.49400005462,3.99855798959115,3624
3910042,-625.494000054612,578.998557989591,3867.84,-895.224624941292,48.9985579895901,3624
3910044,-166.785582655684,28.9985579895901,3867.84,-1355.18780346403,-151.018660476938,3624
3910046,-1375.18780346403,-15.9338579770506,3867.84,-1604.02453070161,-171.677133487409,3624
3910048,-1607.52453070161,-211.445974919958,3867.84,-1705.37859211189,-431.23548805712,3624
3910050,-1715.37859211189,-211.445974919958,3867.84,-1890.37711249186,-441.445974919958,3624
3910052,-1995.19967421531,123.554025080011,3867.84,-2148.13826215295,-201.445974919957,3624
3910054,-466.785582655686,-355.018660476933,3867.84,-829.664419269853,-455.018660476937,3624
3910056,-704.081733070351,-175.018660476935,3867.84,-820.081733070351,-345.018660476934,3624
3910058,-479.664419269853,-170.018660476933,3867.84,-694.081733070351,-345.018660476934,3624
3910060,84.0662375740367,-15.9338579770506,3867.84,-146.785582655684,-171.677133487411,3624
3910062,185.42029898432,-211.032995151366,3867.84,87.566237574035,-444.858954688554,3624
3910064,370.418819364292,-211.032995151365,3867.84,195.42029898432,-441.445974919958,3624
3910066,628.041931157019,121.054025080016,3867.84,475.241381087738,-201.032995151365,3624
3910068,-1151.29558265568,-537.018660477328,3867.84,-1352.18780346403,-707.018660477328,3624
3910082,-375.224624941291,888.066142022951,4184.84,-1135.49400005462,599.001604318465,3941
3910084,52.2074588604175,1295.0764882152,4184.84,-524.184316868436,603.707923769244,3941
3910086,95.2548125743754,878.755456351782,4184.84,-166.233668186276,610.707923769244,3941
3910088,-63.7925411385571,979.234758707832,4184.84,-166.233668186275,809.234758707832,3941
3910090,412.475854652142,1764.23615333254,4184.84,272.474994366693,1419.23615333254,3941
3910092,-164.770489663536,28.9985579895901,4184.84,-1220.49400005462,-151.018660476934,3941
3910094,-270.154419269853,-171.018660476934,4184.84,-439.664419269853,-311.018660476931,3941
3910096,180.418819364292,-15.9338579770507,4184.84,-618.292546865748,-471.018660476933,3941
3910098,-625.494000054612,578.998557989591,4184.84,-895.224624941292,48.9985579895901,3941
3910100,365.418819364292,-211.032995151365,4184.84,190.418819364292,-471.032995151365,3941
3910102,530.418819364293,-481.032995151365,4184.84,391.20915407497,-836.01866047693,3941
3910104,610.541968604289,108.553998648627,4184.84,476.01784903523,-201.032995151365,3941
3910106,-484.082881576425,-175.018660476934,4184.84,-598.082881576426,-345.018660476931,3941
3910108,-915.224624941292,733.06614202295,4184.84,-1220.49400005462,3.99855798959115,3941
3910112,-289.733675856067,888.066142022949,243.839999999992,-1604.02453070161,-191.018660476933,-7.79664333094843E-12
3910114,-625.494000054612,578.998557989591,243.839999999992,-895.224624941293,48.9985579895901,-7.79664333094843E-12
3910116,-915.224624941292,733.06614202295,243.839999999992,-1220.49400005462,3.99855798959224,-7.79664333094843E-12
3910118,-625.224624941292,1506.06475870784,243.839999999992,-1010.49400005461,598.998557989591,-7.79664333094843E-12
3910120,-1030.49400005461,888.066142022949,243.839999999992,-1170.49400005461,753.06614202295,-7.79664333094843E-12
3910122,-1244.49400005462,829.234758707839,243.839999999992,-1344.49400005462,603.707923769244,-7.79664333094843E-12
3910124,-1354.49400005462,799.23615333254,243.839999999992,-1615.48248081527,610.707923769243,-7.79664333094843E-12
3910126,-1797.43414777756,1781.73615333264,243.839999999992,-1949.93414778002,1419.23615333254,-7.79664333094843E-12
3910128,300.229502666672,261.566142022947,243.839999999992,-269.733675856068,-699.01866047693,-7.79664333094843E-12
3910130,-162.792541130639,1094.23475870783,243.839999999992,-494.479549466888,898.066142022948,-7.79664333094843E-12
3910132,-175.733668186275,898.066142022948,243.839999999992,-275.733668186276,603.707923769244,-7.79664333094843E-12
3910134,95.2548125743754,881.234758707832,243.839999999992,-165.733668186275,610.707923769243,-7.79664333094843E-12
3910136,52.2074588604168,1294.23615333255,243.839999999992,-162.792541130639,891.234758707832,-7.79664333094843E-12
3910138,-62.7925411307252,979.234758707833,243.839999999992,-165.733668186275,809.234758707832,-7.79664333094843E-12
3910140,412.206479538837,1764.23615333255,243.839999999992,277.206479536708,1419.23615333255,-7.79664333094843E-12
3910144,-166.785582655686,28.6794339106718,545.839999999967,-1355.18780346403,-151.337784555854,301.999999999967
3910146,52.2074588604168,1294.23615333254,545.839999999967,-498.479549466875,603.707923769244,301.999999999967
3910148,95.2548125743755,881.234758707832,545.839999999967,-165.733668186275,610.707923769244,301.999999999967
3910150,-62.7925411307252,979.234758707832,545.839999999967,-165.733668186275,809.234758707832,301.999999999967
3910152,412.206479538836,1764.23615333254,545.839999999967,277.206479537334,1419.23615333254,301.999999999967
3910154,-1140.49400005461,1294.23615333254,545.839999999967,-1572.43512710131,603.707923769244,301.999999999967
3910156,-1354.49400005462,979.234758707832,545.839999999967,-1457.43512711017,809.234758707832,301.999999999967
3910158,-1354.49400005462,881.234758707832,545.839999999967,-1615.48248081527,610.707923769244,301.999999999967
3910160,-1797.43414777822,1781.73615333264,545.839999999967,-1949.93414778002,1419.23615333254,301.999999999967
3910162,-375.3738696549,888.066142022949,545.839999999967,-1220.49400005462,598.67943391067,301.999999999967
3910164,-915.373869654901,732.747017944029,545.839999999967,-1220.49400005462,3.67943391067084,301.999999999967
3910166,-625.643244768221,578.679433910673,545.839999999967,-895.373869654901,48.6794339106719,301.999999999967
3910168,-1375.18780346403,-15.9338579770506,545.839999999967,-1705.37859211189,-426.445974919959,301.999999999967
3910170,-1995.19967421531,123.554025080026,545.839999999967,-2148.13826215295,-201.445974919957,301.999999999967
3910172,-1715.37859211189,-211.445974919958,545.839999999967,-1890.37711249186,-441.445974919958,301.999999999967
3911852,412.206479538836,1764.23615333254,1149.83999999997,277.206479537334,1419.23615333254,905.999999999967
3911854,267.206479537335,1764.23615333254,1149.83999999997,-113.139958401982,1304.23615333254,905.999999999967
3911856,412.206479536928,1409.23615333254,1149.83999999997,62.2074588603692,1114.23615333254,905.999999999967
3911858,412.206479535191,1104.23615333254,1149.83999999997,62.2074588603972,809.236153332538,905.999999999967
3911860,52.2074588604168,1294.23615333254,1149.83999999997,-498.479146563784,891.234758707832,905.999999999967
3911862,-62.7925411307252,979.234758707832,1149.83999999997,-165.733668186275,809.234758707832,905.999999999967
3911864,-175.733668186275,912.066142022948,1149.83999999997,-275.733668186276,603.707923769244,905.999999999967
3911866,95.2548125743755,881.234758707832,1149.83999999997,-165.733668186275,610.707923769244,905.999999999967
3911868,260.254812574377,799.236153332539,1149.83999999997,105.254812574375,603.707923769242,905.999999999967
3911872,-498.479146563784,1141.06614202295,1149.83999999997,-748.479146563784,908.066142022949,905.999999999967
3912212,-498.479146563783,1481.06614202295,1149.83999999997,-748.479146563784,1141.06614202295,905.999999999967
3912214,-62.7925411307248,1481.06614202295,1149.83999999997,-498.479146563784,1094.21026195384,905.999999999967
3912216,-771.748521677107,1481.06614202295,1149.83999999997,-1090.47930299564,1141.06614202295,905.999999999967
3912218,-771.748521677107,1141.06614202295,1149.83999999997,-1090.47930299564,908.066142022949,905.999999999967
3912220,-1090.47930299564,1294.23615333254,1149.83999999997,-1572.43512710131,891.234758707832,905.999999999967
3912222,-1090.47930299564,1481.06614202295,1149.83999999997,-1457.43512711017,1094.21026195384,905.999999999967
3912224,-1407.08770983891,1764.23615333254,1149.83999999997,-1787.43414777823,1304.23615333254,905.999999999967
3912226,-1797.43414777822,1781.73615333264,1149.83999999997,-1949.93414778002,1419.23615333254,905.999999999967
3912228,-1582.43512710126,1409.23615333254,1149.83999999997,-1932.43414777782,1114.23615333254,905.999999999967
3912230,-1582.43512710129,1104.23615333254,1149.83999999997,-1932.43414777608,809.236153332538,905.999999999967
3912232,-1354.49400005462,881.234758707832,1149.83999999997,-1615.48248081527,610.707923769244,905.999999999967
3912234,-1354.49400005462,979.234758707832,1149.83999999997,-1457.43512711017,809.234758707832,905.999999999967
3912236,-1625.48248081527,799.236153332539,1149.83999999997,-1780.48248081527,603.707923769242,905.999999999967
3912240,-1244.49400005461,912.066142022948,1149.83999999997,-1344.49400005462,603.707923769244,905.999999999967
3912242,-375.22462494129,888.066142022949,1149.83999999997,-1135.49400005462,598.99855798959,905.999999999967
3912244,-915.22462494129,733.06614202295,1149.83999999997,-1220.49400005462,3.99855798959115,905.999999999967
3912246,-625.49400005461,578.998557989592,1149.83999999997,-895.22462494129,48.9985579895912,905.999999999967
3912248,-375.22462494129,578.998557989591,1149.83999999997,-605.494000054611,48.9985579895904,905.999999999967
3912250,-166.785582655685,28.9985579895911,1149.83999999997,-1355.18780346403,-151.018660476938,905.999999999967
3912256,465.241381087738,108.554025080016,1149.83999999997,93.7968624607144,-201.445974919952,905.999999999967
3912258,610.54193115702,108.554025080016,1149.83999999997,475.241381087738,-201.445974919961,905.999999999967
3912260,370.418819364292,-211.445974919951,1149.83999999997,195.42029898432,-441.445974919963,905.999999999967
3912262,535.418819364292,-211.445974919951,1149.83999999997,380.418819364292,-441.445974919953,905.999999999967
3913226,185.42029898432,-15.9338579770644,1149.83999999997,-146.785582655685,-421.445974919954,905.999999999967
3913228,37.2144173443143,-198.018660476937,1149.83999999997,-142.785582655686,-421.445974919953,905.999999999967
3913230,267.42029898432,-421.445974919953,1149.83999999997,-142.785582655687,-836.018660476936,905.999999999967
3913232,530.418819364293,-451.445974919953,1149.83999999997,267.420298984319,-836.018660476934,905.999999999967
3913236,-270.154419269853,-171.018660476937,1149.83999999997,-439.664419269853,-311.018660476931,905.999999999967
3913238,-479.664419269853,-171.018660476933,1149.83999999997,-694.620405387415,-345.018660476934,905.999999999967
3913240,-466.785582655684,-469.018660476933,1149.83999999997,-766.785582655685,-836.018660476934,905.999999999967
3913242,-704.620405387414,-175.018660476935,1149.83999999997,-820.154419269854,-345.018660476935,905.999999999967
3914658,-1108.68780346403,-175.018660477328,1149.83999999997,-1352.18780346403,-527.018660477329,905.999999999967
3914660,-466.785582655685,-355.018660476933,1149.83999999997,-776.785582655685,-454.018660476934,905.999999999967
3914662,-776.785582655684,-345.018660476934,1149.83999999997,-1141.29558265568,-836.018660476935,905.999999999967
3914664,-1151.29558265568,-537.018660477328,1149.83999999997,-1352.18780346403,-706.528660477328,905.999999999967
3914666,-979.187803464033,-171.018660476934,1149.83999999997,-1108.68780346403,-345.018660476935,905.999999999967
3914668,-830.154419269853,-175.018660476934,1149.83999999997,-979.187803464033,-345.018660476935,905.999999999967
3915428,-1375.18780346403,-15.9338579770506,1149.83999999997,-1705.37859211189,-438.018660476935,905.999999999967
3915430,-1379.18780346403,-228.018660476935,1149.83999999997,-1537.18780346403,-438.018660476936,905.999999999967
3915432,-1614.02453070161,108.554025080025,1149.83999999997,-1985.19967421531,-201.445974919959,905.999999999967
3915434,-1995.19967421531,108.554025080026,1149.83999999997,-2130.63826215295,-201.445974919957,905.999999999967
3915436,-1900.37711249186,-211.445974919957,1149.83999999997,-2055.37711249186,-441.445974919957,905.999999999967
3915438,-1715.37859211189,-211.445974919958,1149.83999999997,-1890.37711249186,-441.445974919958,905.999999999967
3915440,-1824.18780346403,-451.445974919957,1149.83999999997,-2050.37711249186,-836.01866047693,905.999999999967
3915442,-1379.18780346403,-438.018660476935,1149.83999999997,-1824.18780346403,-836.018660476932,905.999999999967
